# Blender v2.93.6 OBJ File: ''
# www.blender.org
mtllib Mudkip (Stone).mtl
o mizugorou1_0_0_node_mizugorou1_0_0
v -0.535525 1.353105 1.045496
v -0.562816 1.331272 1.108552
v -0.451033 1.070354 1.048934
v -0.575050 1.265411 1.167028
v -0.540301 1.036333 1.201722
v -0.565652 1.034743 1.204991
v -0.602265 1.263474 1.169873
v -0.559611 1.360489 1.031545
v -0.590009 1.336863 1.107687
v -0.525382 0.927908 1.172235
v -0.295803 0.681113 0.806868
v -0.453875 0.882524 1.104037
v -0.477998 0.867073 1.101708
v -0.256359 0.960948 0.638472
v -0.271663 0.968584 0.613893
v -0.388128 1.193354 0.806373
v -0.409659 1.202368 0.791381
v -0.484857 1.325902 0.950187
v -0.045105 0.972088 0.131505
v -0.131832 1.053455 0.275380
v 0.083270 0.972198 0.209245
v 0.163102 0.418058 0.241783
v 0.074385 0.609855 0.056623
v 0.181105 0.626816 0.126822
v 0.022488 0.835009 0.055699
v 0.140381 0.841808 0.131467
v 0.208541 0.941517 0.311097
v 0.151191 1.000089 0.431934
v 0.298594 0.868340 0.431301
v 0.103436 0.994240 0.546332
v 0.268128 0.900187 0.512917
v 0.242026 0.450233 0.303223
v 0.276279 0.634453 0.209797
v 0.308249 0.489144 0.371936
v 0.252156 0.824647 0.229867
v 0.335627 0.627311 0.316156
v 0.327409 0.761059 0.347975
v -0.246681 0.459964 0.811706
v -0.157798 0.483900 0.838958
v -0.291562 0.641578 0.817368
v 0.019290 0.686252 0.843635
v -0.059383 0.507436 0.845474
v 0.035272 0.528577 0.838241
v -0.256359 0.960948 0.638472
v -0.127766 0.977254 0.669747
v -0.271663 0.968584 0.613893
v -0.278266 0.700409 0.810217
v -0.145329 0.668688 0.848104
v -0.208049 1.056001 0.435825
v 0.003479 1.045123 0.347160
v 0.077746 0.388051 0.775462
v 0.002173 0.345895 0.773069
v 0.095630 0.322771 0.710115
v 0.176521 0.390954 0.698610
v 0.156002 0.465124 0.759199
v 0.150636 0.682165 0.799109
v -0.120616 0.212254 0.666400
v -0.085077 0.307871 0.761533
v -0.168859 0.281247 0.734728
v 0.027927 0.284916 0.315421
v 0.163102 0.418058 0.241783
v 0.130809 0.326071 0.366372
v 0.213151 0.368023 0.412356
v 0.308249 0.489144 0.371936
v 0.276049 0.401647 0.447764
v -0.064417 1.041522 0.492438
v -0.085077 0.307871 0.761533
v 0.030359 0.842513 0.771375
v -0.149104 0.863567 0.768465
v 0.056875 0.945500 0.672856
v 0.180491 0.789972 0.732074
v -0.278266 0.700409 0.810217
v -0.362199 0.976593 0.911212
v 0.242026 0.450233 0.303223
v 0.226060 0.882327 0.620718
v -0.502882 0.942366 1.169679
v -0.508676 1.334677 0.936206
v -0.243444 1.017705 0.529804
v 0.298594 0.868340 0.431301
v 0.268128 0.900187 0.512917
v 0.320889 0.813880 0.504094
v 0.156002 0.465124 0.759199
v 0.176521 0.390954 0.698610
v 0.234565 0.570545 0.699858
v 0.308249 0.489144 0.371936
v 0.335627 0.627311 0.316156
v 0.344748 0.546553 0.466487
v 0.143200 0.552932 0.801449
v 0.150636 0.682165 0.799109
v 0.277622 0.478303 0.592817
v 0.323353 0.536829 0.551243
v 0.276049 0.401647 0.447764
v 0.239238 0.365259 0.544453
v 0.516847 0.484081 0.479530
v 0.515749 0.494747 0.490288
v 0.506145 0.484558 0.487268
v 0.323353 0.536829 0.551243
v 0.396108 0.563963 0.585184
v 0.289004 0.664807 0.657682
v 0.344748 0.546553 0.466487
v 0.501621 0.485533 0.473813
v 0.560553 0.633038 0.657881
v 0.540688 0.627213 0.657725
v 0.547786 0.619952 0.637959
v 0.456978 0.583738 0.556395
v 0.516847 0.484081 0.479530
v 0.511155 0.495679 0.476753
v 0.515749 0.494747 0.490288
v 0.361205 0.630823 0.466985
v 0.427890 0.634213 0.518840
v 0.501621 0.485533 0.473813
v 0.344748 0.546553 0.466487
v 0.560553 0.633038 0.657881
v 0.547786 0.619952 0.637959
v 0.546971 0.641163 0.644534
v 0.456978 0.583738 0.556395
v 0.403182 0.723890 0.601072
v 0.371302 0.653262 0.667809
v 0.432983 0.796848 0.770351
v 0.426580 0.787434 0.769677
v 0.439082 0.787191 0.763043
v 0.288861 0.745701 0.649083
v 0.419187 0.798743 0.765784
v 0.539876 0.648424 0.664303
v 0.425018 0.698782 0.662839
v 0.432983 0.796848 0.770351
v 0.439082 0.787191 0.763043
v 0.431590 0.798555 0.759162
v 0.322968 0.746915 0.575976
v 0.419187 0.798743 0.765784
v 0.539876 0.648424 0.664303
v 0.206801 0.363782 0.625752
v 0.103550 0.018048 -0.845822
v 0.129364 0.058164 -0.910791
v 0.124355 0.035354 -0.841833
v 0.101332 0.046584 -0.644402
v 0.078578 0.027004 -0.651232
v 0.063494 0.126245 -0.399485
v 0.038892 0.107446 -0.399414
v 0.113793 0.112549 -0.990377
v 0.111955 0.041482 -0.928754
v 0.024564 0.926291 -0.810509
v 0.050843 0.938903 -0.885231
v 0.031861 0.974508 -0.900891
v 0.057026 0.952048 -0.959472
v 0.040081 0.986222 -0.974612
v 0.108671 0.258873 -1.045732
v 0.129100 0.130877 -0.960238
v 0.050217 0.951135 -1.032855
v 0.077578 0.816618 -1.040282
v 0.064240 0.836368 -1.069770
v 0.019019 0.858517 -0.721303
v 0.043784 0.898670 -0.798100
v 0.091761 0.514603 -1.078575
v 0.123291 0.263054 -1.001941
v 0.071851 0.761816 -0.826065
v 0.023241 0.345597 -0.417006
v 0.040485 0.696894 -0.613586
v 0.015902 0.701073 -0.592463
v 0.039158 0.842648 -0.731455
v 0.100139 0.445866 -0.751618
v 0.052209 0.346535 -0.433337
v 0.113450 0.221943 -0.722619
v 0.060521 0.214997 -0.397172
v 0.065674 0.925095 -1.013689
v 0.104595 0.505828 -1.033898
v 0.110254 0.478057 -0.047869
v 0.205067 0.400463 -0.033842
v 0.108385 0.411664 -0.235270
v 0.178800 0.279512 -0.338139
v 0.105542 0.311727 -0.354934
v 0.051436 0.008945 0.180366
v -0.039224 0.033618 0.277097
v -0.032960 0.004418 0.176100
v 0.096773 0.010878 -0.154533
v 0.115060 0.043978 -0.287279
v 0.120952 0.020291 -0.166923
v 0.104923 0.010917 -0.032408
v 0.071870 0.005963 -0.035440
v 0.096647 0.493274 0.143192
v 0.279914 0.137241 -0.117915
v 0.274978 0.255039 -0.159540
v 0.262677 0.132033 -0.021120
v 0.293660 0.160225 -0.218602
v 0.263303 0.229666 -0.261156
v 0.044437 0.323617 0.381555
v -0.037357 0.371902 0.360464
v -0.040720 0.320668 0.386854
v 0.046387 0.039090 0.283418
v -0.042584 0.102899 0.347664
v -0.043294 0.201310 0.388198
v 0.105990 0.041042 0.247021
v 0.103776 0.038884 0.151411
v 0.010357 -0.002575 -0.165411
v 0.100040 0.029074 -0.275517
v 0.096743 0.203284 -0.390883
v 0.090326 0.255511 -0.386138
v 0.151271 0.190160 -0.373258
v 0.142412 0.083757 0.308166
v 0.213720 0.240037 0.305898
v 0.267903 0.186154 0.188628
v 0.263279 0.268088 0.164533
v 0.271910 0.268595 -0.023831
v 0.165172 0.036781 -0.067100
v 0.216481 0.006782 -0.049126
v 0.216668 0.036805 -0.060262
v 0.259062 0.035516 -0.078000
v 0.268502 0.007088 -0.148899
v 0.252842 0.006805 -0.070616
v 0.120797 0.028177 -0.243902
v 0.124088 0.035140 -0.095826
v 0.123073 0.083077 -0.160746
v 0.284330 0.111389 -0.171970
v 0.239489 0.118131 -0.132187
v 0.172275 0.010109 -0.296537
v 0.190885 0.011806 -0.209164
v 0.296445 0.070786 -0.238683
v 0.248492 -0.000566 -0.075957
v 0.150096 -0.000591 -0.162494
v 0.262537 -0.000540 -0.145851
v 0.190527 0.002848 -0.194887
v 0.233768 0.002868 -0.188462
v 0.146919 0.053796 0.286348
v 0.148848 0.009201 0.229755
v 0.155969 0.032748 0.314609
v 0.230571 0.039250 0.331413
v 0.180826 0.064538 0.305758
v 0.180803 0.039125 0.331244
v 0.264041 0.009057 0.229197
v 0.268764 0.055933 0.283743
v 0.257713 0.033003 0.314957
v 0.152774 0.074352 0.165879
v 0.190849 0.054882 0.104905
v 0.146919 0.053796 0.286348
v 0.172844 0.105880 0.207403
v 0.152774 0.074352 0.165879
v 0.158911 0.001098 0.236205
v 0.246700 0.022898 0.312472
v 0.164975 0.022693 0.312192
v 0.226479 -0.006964 0.189464
v 0.187309 -0.006958 0.189657
v 0.184787 0.108237 -0.129535
v 0.123073 0.083077 -0.160746
v 0.230601 0.065423 0.303243
v 0.271772 0.153825 0.237137
v 0.219000 0.133743 0.231715
v 0.155969 0.032748 0.314609
v 0.163773 0.006758 -0.056712
v 0.124088 0.035140 -0.095826
v 0.135920 0.006752 -0.087409
v 0.186176 -0.002786 0.175759
v 0.258955 0.069435 0.090337
v 0.190212 0.410228 0.157444
v 0.157939 0.381878 0.300012
v -0.018073 0.000750 -0.043825
v 0.162341 0.026536 -0.028293
v 0.158732 0.067438 0.088983
v 0.042004 0.201778 0.383235
v 0.117366 0.335479 0.361759
v 0.045686 0.372221 0.362445
v 0.325345 0.149239 0.178343
v 0.060521 0.214997 -0.397172
v 0.031260 0.268214 -0.397099
v 0.006772 0.430015 -0.252162
v -0.006383 0.515297 -0.058311
v -0.019032 0.531628 0.132598
v 0.204061 0.195171 -0.341962
v 0.243389 0.142603 -0.313139
v 0.173705 0.112114 -0.344133
v 0.180543 0.028863 -0.104026
v 0.232303 0.061448 -0.088124
v 0.162341 0.026536 -0.028293
v 0.219688 0.063448 -0.023968
v 0.158732 0.067438 0.088983
v 0.228470 -0.002056 0.174312
v 0.258955 0.069435 0.090337
v 0.306503 0.100078 0.111125
v 0.219959 0.107920 0.095833
v 0.138637 0.206489 0.359363
v 0.229626 0.131700 0.307105
v 0.031260 0.268214 -0.397099
v 0.025500 0.321148 -0.367700
v 0.144863 0.254712 -0.369291
v 0.172275 0.010109 -0.296537
v 0.237298 0.010691 -0.202509
v 0.190885 0.011806 -0.209164
v 0.237262 0.017941 -0.293037
v 0.293660 0.160225 -0.218602
v 0.279914 0.137241 -0.117915
v 0.232303 0.061448 -0.088124
v 0.180543 0.028863 -0.104026
v 0.120952 0.020291 -0.166923
v 0.243389 0.142603 -0.313139
v 0.173705 0.112114 -0.344133
v 0.115060 0.043978 -0.287279
v 0.173705 0.112114 -0.344133
v 0.063494 0.126245 -0.399485
v 0.101537 0.124475 -0.379470
v 0.195466 0.355657 -0.210963
v 0.267903 0.186154 0.188628
v 0.229626 0.131700 0.307105
v 0.142412 0.083757 0.308166
v 0.105990 0.041042 0.247021
v 0.103776 0.038884 0.151411
v 0.158732 0.067438 0.088983
v 0.158732 0.067438 0.088983
v 0.219959 0.107920 0.095833
v 0.105990 0.041042 0.247021
v 0.246700 0.022898 0.312472
v 0.252615 0.001076 0.235621
v 0.229136 0.027286 0.328012
v 0.226479 -0.006964 0.189464
v 0.158911 0.001098 0.236205
v 0.164975 0.022693 0.312192
v 0.164975 0.022693 0.312192
v 0.182219 0.027168 0.327852
v 0.187309 -0.006958 0.189657
v 0.186176 -0.002786 0.175759
v 0.187309 -0.006958 0.189657
v 0.117366 0.335479 0.361759
v 0.064219 0.446939 0.295356
v 0.044795 0.105638 0.346166
v 0.138637 0.206489 0.359363
v 0.135920 0.006752 -0.087409
v 0.150096 -0.000591 -0.162494
v 0.143283 -0.000614 -0.091368
v 0.143283 -0.000614 -0.091368
v 0.167933 -0.000609 -0.063393
v 0.144706 0.007033 -0.168289
v 0.190527 0.002848 -0.194887
v 0.233768 0.002868 -0.188462
v 0.190527 0.002848 -0.194887
v 0.215499 -0.000588 -0.056458
v 0.262537 -0.000540 -0.145851
v 0.248492 -0.000566 -0.075957
v 0.167933 -0.000609 -0.063393
v 0.143283 -0.000614 -0.091368
v 0.215499 -0.000588 -0.056458
v 0.182219 0.027168 0.327852
v -0.037357 0.371902 0.360464
v 0.045686 0.372221 0.362445
v 0.030907 0.234227 -0.394571
v -0.030928 0.481554 0.292133
v 0.090326 0.255511 -0.386138
v 0.151271 0.190160 -0.373258
v 0.166671 0.133495 -0.355110
v 0.142242 0.082048 -0.337893
v 0.032663 0.061288 -0.351871
v 0.101747 0.069888 -0.343229
v 0.166671 0.133495 -0.355110
v 0.142242 0.082048 -0.337893
v -0.267672 0.844610 0.742060
v 0.226060 0.882327 0.620718
v 0.288861 0.745701 0.649083
v 0.322968 0.746915 0.575976
v -0.267672 0.844610 0.742060
v 0.115060 0.043978 -0.287279
v 0.289004 0.664807 0.657682
v 0.038892 0.107446 -0.399414
v -0.003826 0.262364 0.699105
v -0.003826 0.262364 0.699105
v -0.295803 0.681113 0.806868
v 0.180491 0.789972 0.732074
v 0.327409 0.761059 0.347975
v 0.354415 0.702192 0.407934
v 0.361205 0.630823 0.466985
v 0.067362 0.389035 0.180415
v 0.143200 0.552932 0.801449
v 0.067362 0.389035 0.180415
v -0.168859 0.281247 0.734728
v 0.288861 0.745701 0.649083
v 0.425018 0.698782 0.662839
v 0.024683 0.019301 -0.280003
v 0.252615 0.001076 0.235621
v 0.180543 0.028863 -0.104026
v 0.030907 0.234227 -0.394571
v 0.142412 0.083757 0.308166
v 0.120952 0.020291 -0.166923
v 0.229136 0.027286 0.328012
v -0.580891 1.342562 1.024115
v -0.528356 1.052384 1.012487
v -0.604036 1.321692 1.089124
v -0.616301 1.255822 1.147585
v -0.578193 1.027525 1.183860
v -0.499028 0.872031 1.082754
v -0.295716 0.951802 0.619921
v -0.429662 1.183700 0.786798
v -0.529315 1.315569 0.929231
v -0.175379 0.912079 0.087332
v -0.042841 0.370189 0.144712
v -0.044175 0.574454 0.020637
v -0.102821 0.785279 0.016835
v -0.310488 0.820880 0.066455
v -0.423698 0.700458 0.090849
v -0.388555 0.874633 0.177527
v -0.478309 0.726691 0.161087
v -0.443842 0.867033 0.288374
v -0.144709 0.360344 0.120936
v -0.247197 0.360043 0.110128
v -0.162227 0.532529 0.003109
v -0.271851 0.486114 0.029823
v -0.232651 0.711963 0.001355
v -0.339413 0.606069 0.033670
v -0.325942 0.444820 0.759703
v -0.503543 0.564729 0.597200
v -0.451187 0.415508 0.608948
v -0.395146 0.429394 0.687215
v -0.295716 0.951802 0.619921
v -0.397692 0.914515 0.542518
v -0.315252 0.691813 0.792786
v -0.407079 0.607847 0.724726
v -0.258563 0.984217 0.223649
v -0.377717 0.282187 0.560780
v -0.315812 0.227139 0.516183
v -0.317734 0.271539 0.622283
v -0.438162 0.327022 0.479143
v -0.378028 0.262060 0.437224
v -0.543659 0.520790 0.471854
v -0.245875 0.270495 0.685742
v -0.083050 0.276363 0.265570
v -0.042841 0.370189 0.144712
v -0.179000 0.276876 0.227516
v -0.253076 0.278662 0.198362
v -0.247197 0.360043 0.110128
v -0.326056 0.980711 0.369115
v -0.245875 0.270495 0.685742
v -0.513363 0.716133 0.515095
v -0.417098 0.801277 0.642147
v -0.493142 0.817660 0.413608
v -0.550342 0.620102 0.387599
v -0.315252 0.691813 0.792786
v -0.442852 0.957845 0.873194
v -0.144709 0.360344 0.120936
v -0.527571 0.707159 0.265495
v -0.541522 0.933386 1.151469
v -0.423698 0.700458 0.090849
v -0.470276 0.629987 0.131179
v -0.478309 0.726691 0.161087
v -0.438162 0.327022 0.479143
v -0.477288 0.405086 0.364330
v -0.378028 0.262060 0.437224
v -0.247197 0.360043 0.110128
v -0.358656 0.383059 0.134941
v -0.271851 0.486114 0.029823
v -0.494095 0.404806 0.501061
v -0.543659 0.520790 0.471854
v -0.389038 0.323349 0.278588
v -0.405581 0.367399 0.207661
v -0.253076 0.278662 0.198362
v -0.290365 0.242162 0.294825
v -0.443141 0.260951 0.027044
v -0.442960 0.263956 0.039910
v -0.454348 0.269267 0.033035
v -0.405581 0.367399 0.207661
v -0.511345 0.478783 0.280439
v -0.481803 0.359907 0.171382
v -0.358656 0.383059 0.134941
v -0.430812 0.268808 0.034314
v -0.653929 0.350755 0.085438
v -0.627207 0.346846 0.084129
v -0.640428 0.352683 0.101010
v -0.502264 0.360781 0.104260
v -0.443141 0.260951 0.027044
v -0.454348 0.269267 0.033035
v -0.442083 0.274116 0.027446
v -0.399052 0.454118 0.108641
v -0.476411 0.424027 0.092601
v -0.358656 0.383059 0.134941
v -0.430812 0.268808 0.034314
v -0.653929 0.350755 0.085438
v -0.639330 0.365428 0.085375
v -0.627207 0.346846 0.084129
v -0.502264 0.360781 0.104260
v -0.555804 0.500990 0.149057
v -0.561297 0.436498 0.228233
v -0.724326 0.527854 0.224858
v -0.718871 0.518047 0.217246
v -0.716770 0.521685 0.230764
v -0.534377 0.554352 0.261052
v -0.713818 0.535398 0.231746
v -0.652552 0.371265 0.102256
v -0.604670 0.459450 0.177499
v -0.724326 0.527854 0.224858
v -0.715894 0.531846 0.218300
v -0.718871 0.518047 0.217246
v -0.500160 0.555595 0.187997
v -0.713818 0.535398 0.231746
v -0.652552 0.371265 0.102256
v -0.331487 0.238668 0.372034
v 0.079898 0.031703 -0.847372
v 0.088245 0.054787 -0.915911
v 0.052005 0.042533 -0.650543
v 0.013096 0.123280 -0.405947
v 0.015611 0.936010 -0.889619
v 0.025675 0.949474 -0.963375
v 0.088864 0.127573 -0.965248
v 0.047470 0.814145 -1.044031
v 0.007595 0.895700 -0.802609
v 0.083345 0.259774 -1.006917
v 0.009553 0.756702 -0.833824
v -0.001791 0.693424 -0.618851
v 0.004782 0.839825 -0.735739
v 0.015119 0.438885 -0.762207
v -0.000636 0.342196 -0.439918
v 0.031299 0.215197 -0.732851
v 0.005251 0.211745 -0.404258
v 0.034946 0.922570 -1.017515
v 0.070008 0.502987 -1.038203
v -0.124800 0.482950 -0.063861
v -0.095231 0.407303 -0.258847
v -0.223769 0.409385 -0.063019
v -0.054257 0.306039 -0.375998
v -0.126929 0.268631 -0.378440
v -0.116895 0.012447 0.168913
v -0.076652 0.004706 -0.177394
v -0.106148 0.023931 -0.235456
v -0.070183 0.062780 -0.331198
v -0.108030 0.009706 -0.047680
v -0.140955 0.016033 -0.049137
v -0.136567 0.498124 0.127325
v -0.274947 0.120596 -0.208466
v -0.293634 0.143607 -0.058970
v -0.268678 0.243392 -0.222491
v -0.223950 0.222002 -0.310313
v -0.263040 0.156227 -0.291878
v -0.124178 0.327126 0.370084
v -0.124601 0.042647 0.271784
v -0.157174 0.046539 0.264221
v -0.136203 0.024674 0.162158
v -0.049759 0.023742 -0.295264
v -0.028898 0.198812 -0.407445
v -0.085075 0.181748 -0.404412
v -0.027594 0.251314 -0.401681
v -0.211993 0.102536 0.309590
v -0.284974 0.250412 0.271968
v -0.313733 0.280093 0.125275
v -0.330168 0.176648 0.119169
v -0.296754 0.280425 -0.062521
v -0.185319 0.002675 -0.326422
v -0.237261 0.003013 -0.327157
v -0.238691 -0.028824 -0.330285
v -0.276584 0.012177 -0.349137
v -0.275475 0.017718 -0.425897
v -0.271496 -0.017244 -0.354236
v -0.100735 0.067923 -0.386722
v -0.116535 0.038835 -0.286571
v -0.140456 0.010968 -0.347261
v -0.234830 0.059988 -0.248016
v -0.271699 0.095038 -0.283625
v -0.142100 0.106789 -0.440672
v -0.189840 0.042995 -0.467197
v -0.272585 0.123137 -0.362272
v -0.266402 -0.021856 -0.361623
v -0.270017 0.009159 -0.425713
v -0.156351 0.009160 -0.425633
v -0.235297 0.028757 -0.458352
v -0.191582 0.028768 -0.458343
v -0.177968 0.034922 0.360642
v -0.187010 0.006917 0.382032
v -0.179506 0.007489 0.294007
v -0.261695 0.008308 0.399648
v -0.211927 0.008415 0.399670
v -0.211988 0.039826 0.382100
v -0.294695 0.007085 0.292927
v -0.288755 0.006699 0.381992
v -0.299812 0.037248 0.358188
v -0.134583 0.008026 0.213980
v -0.161324 0.069939 0.262209
v -0.177968 0.034922 0.360642
v -0.161324 0.069939 0.262209
v -0.213021 0.095287 0.260046
v -0.189552 -0.002106 0.297952
v -0.195961 -0.002126 0.376921
v -0.277687 -0.002301 0.376887
v -0.256931 0.002671 0.250492
v -0.217762 0.002766 0.250852
v -0.181991 0.041650 -0.250027
v -0.116535 0.038835 -0.286571
v -0.261758 0.041184 0.379704
v -0.267215 0.094087 0.235587
v -0.309436 0.075850 0.199912
v -0.187010 0.006917 0.382032
v -0.185439 -0.028916 -0.330054
v -0.153376 -0.017464 -0.353695
v -0.140456 0.010968 -0.347261
v -0.216604 0.010582 0.238628
v -0.170038 -0.031777 0.160519
v -0.223085 0.389807 0.274089
v -0.234558 0.419064 0.128544
v -0.197705 0.034026 -0.052789
v -0.183443 0.036606 0.071437
v -0.127042 0.205295 0.371732
v -0.193202 0.341941 0.340627
v -0.118662 0.367590 0.344004
v -0.297888 0.016077 0.135321
v 0.005251 0.211745 -0.404258
v -0.144382 0.182769 -0.387894
v -0.113804 0.131538 -0.379984
v -0.189861 0.154534 -0.363475
v -0.180153 0.022898 -0.193658
v -0.197705 0.034026 -0.052789
v -0.235007 0.049646 -0.185785
v -0.183443 0.036606 0.071437
v -0.253532 0.073293 -0.056164
v -0.258896 0.011527 0.237250
v -0.223209 -0.032824 0.130922
v -0.170038 -0.031777 0.160519
v -0.252164 0.075479 0.050958
v -0.219274 0.213935 0.335012
v -0.306262 0.144669 0.270860
v -0.084439 0.246551 -0.399516
v -0.142100 0.106789 -0.440672
v -0.189840 0.042995 -0.467197
v -0.236727 0.042067 -0.467920
v -0.206217 0.120666 -0.437036
v -0.263040 0.156227 -0.291878
v -0.274947 0.120596 -0.208466
v -0.235007 0.049646 -0.185785
v -0.180153 0.022898 -0.193658
v -0.106148 0.023931 -0.235456
v -0.189861 0.154534 -0.363475
v -0.113804 0.131538 -0.379984
v -0.113804 0.131538 -0.379984
v -0.070183 0.062780 -0.331198
v 0.013096 0.123280 -0.405947
v -0.030964 0.119759 -0.396936
v -0.183359 0.347541 -0.254828
v -0.306262 0.144669 0.270860
v -0.330168 0.176648 0.119169
v -0.211993 0.102536 0.309590
v -0.136203 0.024674 0.162158
v -0.157174 0.046539 0.264221
v -0.183443 0.036606 0.071437
v -0.252164 0.075479 0.050958
v -0.183443 0.036606 0.071437
v -0.157174 0.046539 0.264221
v -0.283252 -0.002307 0.296975
v -0.277687 -0.002301 0.376887
v -0.260194 -0.002265 0.393113
v -0.256931 0.002671 0.250492
v -0.195961 -0.002126 0.376921
v -0.189552 -0.002106 0.297952
v -0.213276 -0.002164 0.393131
v -0.195961 -0.002126 0.376921
v -0.217762 0.002766 0.250852
v -0.216604 0.010582 0.238628
v -0.217762 0.002766 0.250852
v -0.193202 0.341941 0.340627
v -0.126986 0.450916 0.282347
v -0.128766 0.109248 0.334360
v -0.219274 0.213935 0.335012
v -0.153376 -0.017464 -0.353695
v -0.160071 -0.021925 -0.361405
v -0.156351 0.009160 -0.425633
v -0.188567 -0.032408 -0.339763
v -0.160071 -0.021925 -0.361405
v -0.150172 0.018176 -0.426755
v -0.191582 0.028768 -0.458343
v -0.191582 0.028768 -0.458343
v -0.235297 0.028757 -0.458352
v -0.236635 -0.032363 -0.339892
v -0.270017 0.009159 -0.425713
v -0.266402 -0.021856 -0.361623
v -0.188567 -0.032408 -0.339763
v -0.236635 -0.032363 -0.339892
v -0.160071 -0.021925 -0.361405
v -0.213276 -0.002164 0.393131
v -0.118662 0.367590 0.344004
v -0.027594 0.251314 -0.401681
v -0.085075 0.181748 -0.404412
v -0.100648 0.123981 -0.390348
v -0.077974 0.074210 -0.366922
v -0.036730 0.064959 -0.361482
v -0.100648 0.123981 -0.390348
v -0.077974 0.074210 -0.366922
v -0.323439 0.831647 0.715774
v -0.527571 0.707159 0.265495
v -0.500160 0.555595 0.187997
v -0.534377 0.554352 0.261052
v -0.323439 0.831647 0.715774
v -0.070183 0.062780 -0.331198
v -0.511345 0.478783 0.280439
v -0.229268 0.209965 0.592845
v -0.229268 0.209965 0.592845
v -0.550342 0.620102 0.387599
v -0.339413 0.606069 0.033670
v -0.377579 0.532055 0.062911
v -0.399052 0.454118 0.108641
v -0.494095 0.404806 0.501061
v -0.534377 0.554352 0.261052
v -0.604670 0.459450 0.177499
v -0.283252 -0.002307 0.296975
v -0.180153 0.022898 -0.193658
v -0.211993 0.102536 0.309590
v -0.106148 0.023931 -0.235456
v -0.260194 -0.002265 0.393113
vt 0.164818 0.226850
vt 0.041730 0.168963
vt 0.034837 0.224298
vt 0.063391 0.138731
vt 0.137774 0.314050
vt 0.165217 0.149060
vt 0.231673 0.384095
vt 0.240167 0.178247
vt 0.261177 0.288801
vt 0.261664 0.197862
vt 0.267980 0.232863
vt 0.027790 0.174351
vt 0.170887 0.138178
vt 0.067154 0.126590
vt 0.180591 0.499946
vt 0.041964 0.384055
vt 0.111049 0.443219
vt 0.245758 0.168871
vt 0.278945 0.294989
vt 0.247113 0.395487
vt 0.021709 0.221652
vt 0.034837 0.224298
vt 0.041730 0.168963
vt 0.063391 0.138731
vt 0.152068 0.535283
vt 0.060958 0.457696
vt 0.127481 0.536182
vt 0.076580 0.489463
vt 0.102155 0.518877
vt 0.272623 0.193247
vt 0.283520 0.230904
vt 0.188414 0.513149
vt 0.261177 0.288801
vt 0.180591 0.499946
vt 0.231673 0.384095
vt 0.164818 0.226850
vt 0.028822 0.383059
vt 0.041964 0.384055
vt 0.165217 0.149060
vt 0.154538 0.549471
vt 0.073149 0.503647
vt 0.051156 0.463092
vt 0.261664 0.197862
vt 0.267980 0.232863
vt 0.137774 0.314050
vt 0.240167 0.178247
vt 0.126246 0.552662
vt 0.099931 0.536324
vt 0.060958 0.457696
vt 0.111049 0.443219
vt 0.152068 0.535283
vt 0.127481 0.536182
vt 0.076580 0.489463
vt 0.102155 0.518877
vt 0.376016 0.906596
vt 0.351907 0.942800
vt 0.349354 0.932851
vt 0.378755 0.959671
vt 0.317954 0.898749
vt 0.424387 0.933045
vt 0.345622 0.877647
vt 0.446799 0.886056
vt 0.382109 0.841631
vt 0.412096 0.867787
vt 0.376016 0.906596
vt 0.349354 0.932851
vt 0.287008 0.862368
vt 0.477989 0.897395
vt 0.408795 0.974596
vt 0.467114 0.945777
vt 0.415454 0.808988
vt 0.351062 0.806008
vt 0.384131 0.783869
vt 0.317954 0.898749
vt 0.424387 0.933045
vt 0.345622 0.877647
vt 0.446799 0.886056
vt 0.382109 0.841631
vt 0.412096 0.867787
vt 0.311351 0.829884
vt 0.273343 0.849906
vt 0.279182 0.860683
vt 0.487206 0.848936
vt 0.453905 0.834660
vt 0.460598 0.988895
vt 0.516726 0.903087
vt 0.515494 0.949019
vt 0.329917 0.767960
vt 0.359550 0.753884
vt 0.287008 0.862368
vt 0.453905 0.834660
vt 0.477989 0.897395
vt 0.487206 0.848936
vt 0.351062 0.806008
vt 0.415454 0.808988
vt 0.384131 0.783869
vt 0.303652 0.778474
vt 0.277803 0.790810
vt 0.516032 0.855724
vt 0.467114 0.945777
vt 0.556715 0.901076
vt 0.517138 0.991285
vt 0.559824 0.942848
vt 0.347381 0.726986
vt 0.311351 0.829884
vt 0.516032 0.855724
vt 0.329917 0.767960
vt 0.359550 0.753884
vt 0.252409 0.798978
vt 0.264888 0.735250
vt 0.559005 0.857420
vt 0.515494 0.949019
vt 0.516726 0.903087
vt 0.607676 0.887378
vt 0.567778 0.981232
vt 0.617186 0.921356
vt 0.315540 0.726497
vt 0.303652 0.778474
vt 0.277803 0.790810
vt 0.347381 0.726986
vt 0.239357 0.740218
vt 0.273129 0.704444
vt 0.291554 0.730240
vt 0.601086 0.852847
vt 0.559005 0.857420
vt 0.556715 0.901076
vt 0.559824 0.942848
vt 0.661043 0.862651
vt 0.629877 0.955101
vt 0.676571 0.889678
vt 0.338223 0.699560
vt 0.307056 0.701352
vt 0.264888 0.735250
vt 0.315540 0.726497
vt 0.338223 0.699560
vt 0.643176 0.836748
vt 0.601086 0.852847
vt 0.617186 0.921356
vt 0.607676 0.887378
vt 0.692431 0.919160
vt 0.291554 0.730240
vt 0.273129 0.704444
vt 0.307056 0.701352
vt 0.643176 0.836748
vt 0.661043 0.862651
vt 0.676571 0.889678
vt 0.512996 0.271065
vt 0.603768 0.193445
vt 0.617927 0.218569
vt 0.564723 0.171488
vt 0.616566 0.254331
vt 0.438719 0.254891
vt 0.557411 0.328645
vt 0.476718 0.341707
vt 0.517669 0.345111
vt 0.611378 0.185298
vt 0.570307 0.161111
vt 0.565414 0.334952
vt 0.628829 0.217747
vt 0.626087 0.259042
vt 0.323972 0.302442
vt 0.476539 0.163968
vt 0.344604 0.240645
vt 0.348725 0.177063
vt 0.519810 0.355594
vt 0.475865 0.353432
vt 0.603768 0.193445
vt 0.479525 0.152896
vt 0.564723 0.171488
vt 0.616566 0.254331
vt 0.320214 0.312610
vt 0.347425 0.164799
vt 0.557411 0.328645
vt 0.517669 0.345111
vt 0.617927 0.218569
vt 0.476539 0.163968
vt 0.512996 0.271065
vt 0.438719 0.254891
vt 0.476718 0.341707
vt 0.323972 0.302442
vt 0.348725 0.177063
vt 0.344604 0.240645
vt 0.916970 0.649183
vt 0.875099 0.712053
vt 0.879485 0.636210
vt 0.915123 0.706929
vt 0.948370 0.580671
vt 0.986787 0.681067
vt 0.953200 0.582477
vt 0.988400 0.673602
vt 0.947101 0.637156
vt 0.942218 0.780600
vt 0.864901 0.750098
vt 0.873687 0.598025
vt 0.995800 0.680896
vt 0.988963 0.689507
vt 0.951663 0.576000
vt 0.939068 0.784481
vt 0.946492 0.779641
vt 0.945190 0.784136
vt 0.944770 0.575724
vt 0.944406 0.721250
vt 0.789600 0.704698
vt 0.719680 0.674994
vt 0.791597 0.647073
vt 0.717739 0.683023
vt 0.830974 0.639801
vt 0.759847 0.717713
vt 0.830171 0.712320
vt 0.754749 0.776887
vt 0.759402 0.778066
vt 0.717766 0.666276
vt 0.710579 0.675219
vt 0.766390 0.577354
vt 0.769821 0.573294
vt 0.839654 0.601463
vt 0.762377 0.781998
vt 0.835799 0.747795
vt 0.756902 0.782161
vt 0.762811 0.633443
vt 0.762814 0.573127
vt 0.761803 0.578751
vt 0.932363 0.195004
vt 0.933560 0.285828
vt 0.870927 0.282907
vt 0.996846 0.285966
vt 0.877352 0.196467
vt 0.985211 0.188514
vt 0.879249 0.123437
vt 0.962950 0.110426
vt 0.920774 0.119485
vt 0.927457 0.384062
vt 0.989897 0.391209
vt 0.818679 0.146476
vt 0.795636 0.276828
vt 0.806023 0.202499
vt 0.932363 0.195004
vt 0.889046 0.099929
vt 0.949009 0.079030
vt 0.915158 0.085106
vt 0.959996 0.479751
vt 0.933560 0.285828
vt 0.927457 0.384062
vt 0.782910 0.372727
vt 0.864302 0.378471
vt 0.773348 0.154128
vt 0.842375 0.098227
vt 0.797242 0.097052
vt 0.920774 0.119485
vt 0.866019 0.075065
vt 0.907980 0.465340
vt 0.907980 0.465340
vt 0.920943 0.537175
vt 0.870927 0.282907
vt 0.727822 0.367615
vt 0.726416 0.266770
vt 0.745390 0.206298
vt 0.813045 0.054651
vt 0.915158 0.085106
vt 0.835083 0.061165
vt 0.882719 0.511824
vt 0.864302 0.378471
vt 0.838416 0.494603
vt 0.851138 0.451973
vt 0.851138 0.451973
vt 0.882719 0.511824
vt 0.838416 0.494603
vt 0.879249 0.123437
vt 0.877352 0.196467
vt 0.772962 0.449931
vt 0.685501 0.257804
vt 0.669951 0.315099
vt 0.889046 0.099929
vt 0.866019 0.075065
vt 0.818496 0.034860
vt 0.786811 0.005645
vt 0.772962 0.449931
vt 0.795636 0.276828
vt 0.782910 0.372727
vt 0.766695 0.499541
vt 0.696396 0.213567
vt 0.722141 0.453549
vt 0.627677 0.312317
vt 0.842375 0.098227
vt 0.835083 0.061165
vt 0.766695 0.499541
vt 0.806023 0.202499
vt 0.818679 0.146476
vt 0.727822 0.367615
vt 0.650932 0.249357
vt 0.666414 0.199897
vt 0.711230 0.510206
vt 0.813045 0.054651
vt 0.818496 0.034860
vt 0.722141 0.453549
vt 0.711230 0.510206
vt 0.773348 0.154128
vt 0.726416 0.266770
vt 0.745390 0.206298
vt 0.797242 0.097052
vt 0.786811 0.005645
vt 0.685501 0.257804
vt 0.696396 0.213567
vt 0.669951 0.315099
vt 0.650932 0.249357
vt 0.666414 0.199897
vt 0.627677 0.312317
vt 0.120566 0.015120
vt 0.053251 0.062928
vt 0.055501 0.015120
vt 0.121433 0.061818
vt 0.053251 0.062928
vt 0.178814 0.063685
vt 0.121433 0.061818
vt 0.178587 0.015120
vt 0.178814 0.063685
vt 0.021745 0.015120
vt 0.047341 0.105519
vt 0.023553 0.063644
vt 0.230672 0.063556
vt 0.121769 0.116699
vt 0.183545 0.110249
vt 0.121769 0.116699
vt 0.047341 0.105519
vt 0.023553 0.063644
vt 0.233589 0.015147
vt 0.230672 0.063556
vt 0.230174 0.083707
vt 0.183545 0.110249
vt 0.291528 0.062660
vt 0.291528 0.062660
vt 0.292056 0.015146
vt 0.230174 0.083707
vt 0.413698 0.015120
vt 0.292047 0.078434
vt 0.292047 0.078434
vt 0.412470 0.065812
vt 0.412470 0.065812
vt 0.500019 0.015120
vt 0.500835 0.064202
vt 0.500835 0.064202
vt 0.569251 0.057499
vt 0.569251 0.057499
vt 0.564707 0.015120
vt 0.412395 0.084658
vt 0.340723 0.110678
vt 0.412395 0.084658
vt 0.340723 0.110678
vt 0.610703 0.015120
vt 0.570862 0.069007
vt 0.613506 0.054092
vt 0.617818 0.077561
vt 0.413018 0.117655
vt 0.413018 0.117655
vt 0.570862 0.069007
vt 0.501015 0.080304
vt 0.501015 0.080304
vt 0.650244 0.052143
vt 0.650245 0.091046
vt 0.617818 0.077561
vt 0.613506 0.054092
vt 0.469102 0.118261
vt 0.469102 0.118261
vt 0.685091 0.082194
vt 0.650244 0.052143
vt 0.642790 0.015120
vt 0.695127 0.050311
vt 0.724881 0.049319
vt 0.652155 0.028678
vt 0.652155 0.028678
vt 0.650245 0.091046
vt 0.702636 0.029812
vt 0.735283 0.015120
vt 0.695127 0.050311
vt 0.702636 0.029812
vt 0.685091 0.082194
vt 0.716645 0.015120
vt 0.724881 0.049319
vt 0.916970 0.649183
vt 0.879485 0.636210
vt 0.875099 0.712053
vt 0.948370 0.580671
vt 0.915123 0.706929
vt 0.953200 0.582477
vt 0.986787 0.681067
vt 0.947101 0.637156
vt 0.988400 0.673602
vt 0.873687 0.598025
vt 0.942218 0.780600
vt 0.864901 0.750098
vt 0.951663 0.576000
vt 0.995800 0.680896
vt 0.988963 0.689507
vt 0.944770 0.575724
vt 0.939068 0.784481
vt 0.944406 0.721250
vt 0.946492 0.779641
vt 0.945190 0.784136
vt 0.789600 0.704698
vt 0.791597 0.647073
vt 0.719680 0.674994
vt 0.830974 0.639801
vt 0.717739 0.683023
vt 0.830171 0.712320
vt 0.759847 0.717713
vt 0.759402 0.778066
vt 0.754749 0.776887
vt 0.717766 0.666276
vt 0.766390 0.577354
vt 0.762811 0.633443
vt 0.761803 0.578751
vt 0.710579 0.675219
vt 0.762377 0.781998
vt 0.835799 0.747795
vt 0.756902 0.782161
vt 0.769821 0.573294
vt 0.839654 0.601463
vt 0.762814 0.573127
vt 0.796646 0.907372
vt 0.737291 0.904002
vt 0.732592 0.862431
vt 0.752359 0.943135
vt 0.801730 0.846267
vt 0.794354 0.979304
vt 0.836890 0.847188
vt 0.843763 0.914623
vt 0.746934 0.829729
vt 0.850649 0.988872
vt 0.861998 0.824307
vt 0.772043 0.802265
vt 0.869422 0.933298
vt 0.812824 0.779180
vt 0.864037 0.777268
vt 0.925388 0.796537
vt 0.924641 0.846914
vt 0.887795 0.845033
vt 0.915926 0.976226
vt 0.890297 0.910568
vt 0.959226 0.845151
vt 0.930392 0.908599
vt 0.954736 0.942113
vt 0.968930 0.903954
vt 0.446562 0.643034
vt 0.487092 0.631159
vt 0.483343 0.652954
vt 0.454056 0.622036
vt 0.467760 0.705083
vt 0.413269 0.629919
vt 0.435034 0.686109
vt 0.390473 0.662122
vt 0.516628 0.656868
vt 0.456325 0.615268
vt 0.513913 0.636225
vt 0.489032 0.624296
vt 0.454795 0.751411
vt 0.505833 0.724055
vt 0.491662 0.804459
vt 0.427534 0.613404
vt 0.426680 0.719282
vt 0.376912 0.685869
vt 0.431555 0.606180
vt 0.516152 0.629773
vt 0.563034 0.817472
vt 0.567251 0.639150
vt 0.561590 0.733280
vt 0.638963 0.802716
vt 0.627843 0.724844
vt 0.566723 0.632139
vt 0.691448 0.777008
vt 0.608901 0.641479
vt 0.670851 0.712765
vt 0.638839 0.634491
vt 0.604610 0.632101
vt 0.633865 0.623758
vt 0.322673 0.624871
vt 0.407053 0.623530
vt 0.387061 0.658990
vt 0.376151 0.578493
vt 0.373231 0.682399
vt 0.346626 0.548701
vt 0.294853 0.649909
vt 0.277688 0.594086
vt 0.422717 0.608132
vt 0.358286 0.547233
vt 0.224066 0.631747
vt 0.382209 0.574305
vt 0.423610 0.600475
vt 0.374173 0.392104
vt 0.429338 0.390711
vt 0.415749 0.409637
vt 0.376242 0.383581
vt 0.402422 0.457864
vt 0.341551 0.376574
vt 0.344173 0.440582
vt 0.333465 0.382004
vt 0.426223 0.382484
vt 0.386999 0.505226
vt 0.295006 0.423884
vt 0.324201 0.478476
vt 0.261398 0.461233
vt 0.482798 0.396139
vt 0.450260 0.417144
vt 0.453339 0.394089
vt 0.482500 0.420207
vt 0.453542 0.386115
vt 0.510996 0.422641
vt 0.485197 0.388183
vt 0.501090 0.400067
vt 0.424245 0.414942
vt 0.481917 0.488888
vt 0.445846 0.477756
vt 0.437603 0.384845
vt 0.554929 0.410430
vt 0.518092 0.497633
vt 0.581150 0.500955
vt 0.503271 0.391581
vt 0.410815 0.462718
vt 0.434533 0.393967
vt 0.600672 0.601896
vt 0.631616 0.470800
vt 0.660037 0.527464
vt 0.437038 0.551105
vt 0.500845 0.580991
vt 0.555285 0.401034
vt 0.685113 0.480602
vt 0.596145 0.411871
vt 0.654030 0.439323
vt 0.396568 0.510091
vt 0.616666 0.395750
vt 0.590375 0.403701
vt 0.610385 0.388895
vt 0.796646 0.907372
vt 0.732592 0.862431
vt 0.737291 0.904002
vt 0.801730 0.846267
vt 0.752359 0.943135
vt 0.836890 0.847188
vt 0.794354 0.979304
vt 0.843763 0.914623
vt 0.746934 0.829729
vt 0.861998 0.824307
vt 0.850649 0.988872
vt 0.772043 0.802265
vt 0.812824 0.779180
vt 0.864037 0.777268
vt 0.925388 0.796537
vt 0.924641 0.846914
vt 0.887795 0.845033
vt 0.869422 0.933298
vt 0.915926 0.976226
vt 0.959226 0.845151
vt 0.890297 0.910568
vt 0.930392 0.908599
vt 0.968930 0.903954
vt 0.954736 0.942113
vt 0.446562 0.643034
vt 0.483343 0.652954
vt 0.487092 0.631159
vt 0.467760 0.705083
vt 0.454056 0.622036
vt 0.435034 0.686109
vt 0.413269 0.629919
vt 0.390473 0.662122
vt 0.516628 0.656868
vt 0.505833 0.724055
vt 0.427534 0.613404
vt 0.456325 0.615268
vt 0.431555 0.606180
vt 0.426680 0.719282
vt 0.454795 0.751411
vt 0.561590 0.733280
vt 0.491662 0.804459
vt 0.563034 0.817472
vt 0.489032 0.624296
vt 0.513913 0.636225
vt 0.376912 0.685869
vt 0.638963 0.802716
vt 0.567251 0.639150
vt 0.627843 0.724844
vt 0.516152 0.629773
vt 0.691448 0.777008
vt 0.566723 0.632139
vt 0.608901 0.641479
vt 0.670851 0.712765
vt 0.604610 0.632101
vt 0.638839 0.634491
vt 0.633865 0.623758
vt 0.322673 0.624871
vt 0.387061 0.658990
vt 0.407053 0.623530
vt 0.373231 0.682399
vt 0.376151 0.578493
vt 0.294853 0.649909
vt 0.346626 0.548701
vt 0.277688 0.594086
vt 0.422717 0.608132
vt 0.224066 0.631747
vt 0.358286 0.547233
vt 0.382209 0.574305
vt 0.423610 0.600475
vt 0.374173 0.392104
vt 0.415749 0.409637
vt 0.429338 0.390711
vt 0.402422 0.457864
vt 0.376242 0.383581
vt 0.344173 0.440582
vt 0.341551 0.376574
vt 0.333465 0.382004
vt 0.426223 0.382484
vt 0.386999 0.505226
vt 0.295006 0.423884
vt 0.324201 0.478476
vt 0.261398 0.461233
vt 0.482798 0.396139
vt 0.453339 0.394089
vt 0.450260 0.417144
vt 0.453542 0.386115
vt 0.482500 0.420207
vt 0.485197 0.388183
vt 0.510996 0.422641
vt 0.501090 0.400067
vt 0.424245 0.414942
vt 0.437603 0.384845
vt 0.434533 0.393967
vt 0.518092 0.497633
vt 0.481917 0.488888
vt 0.503271 0.391581
vt 0.445846 0.477756
vt 0.410815 0.462718
vt 0.581150 0.500955
vt 0.554929 0.410430
vt 0.437038 0.551105
vt 0.396568 0.510091
vt 0.600672 0.601896
vt 0.500845 0.580991
vt 0.555285 0.401034
vt 0.631616 0.470800
vt 0.596145 0.411871
vt 0.660037 0.527464
vt 0.590375 0.403701
vt 0.685113 0.480602
vt 0.616666 0.395750
vt 0.654030 0.439323
vt 0.610385 0.388895
vt 0.012001 0.829292
vt 0.146596 0.978790
vt 0.012001 0.989011
vt 0.202090 0.826141
vt 0.146596 0.978790
vt 0.202090 0.826141
vt 0.017913 0.640710
vt 0.071427 0.573605
vt 0.069345 0.640288
vt 0.022367 0.567046
vt 0.071427 0.573605
vt 0.069345 0.640288
vt 0.115168 0.580695
vt 0.112870 0.639544
vt 0.115168 0.580695
vt 0.112870 0.639544
vt 0.157714 0.589573
vt 0.157714 0.589573
vt 0.146447 0.638986
vt 0.146447 0.638986
vt 0.018042 0.724385
vt 0.079098 0.778282
vt 0.022843 0.778707
vt 0.082536 0.723251
vt 0.064179 0.691208
vt 0.037219 0.691648
vt 0.034841 0.789779
vt 0.067136 0.789535
vt 0.018042 0.724385
vt 0.022843 0.778707
vt 0.079098 0.778282
vt 0.082536 0.723251
vt 0.064179 0.691208
vt 0.037219 0.691648
vt 0.034841 0.789779
vt 0.067136 0.789535
vt 0.186278 0.763466
vt 0.111980 0.714734
vt 0.189056 0.715198
vt 0.114173 0.763138
vt 0.165984 0.779700
vt 0.136038 0.689031
vt 0.165679 0.689225
vt 0.133388 0.779574
vt 0.186278 0.763466
vt 0.189056 0.715198
vt 0.111980 0.714734
vt 0.114173 0.763138
vt 0.165984 0.779700
vt 0.136038 0.689031
vt 0.165679 0.689225
vt 0.133388 0.779574
vn -0.9837 -0.1170 -0.1363
vn -0.9819 -0.0016 0.1892
vn -0.9233 0.1059 0.3692
vn -0.8832 -0.4679 0.0319
vn -0.9883 -0.0685 -0.1363
vn -0.8034 -0.5954 0.0037
vn -0.9286 -0.0887 -0.3602
vn -0.7807 -0.5961 -0.1874
vn -0.9146 -0.1315 -0.3822
vn -0.8105 -0.4661 -0.3547
vn -0.8851 -0.2209 -0.4096
vn -0.1252 0.2513 0.9597
vn 0.0599 -0.9838 0.1690
vn 0.0129 -0.9519 0.3061
vn -0.9157 -0.0389 -0.3999
vn -0.9586 0.1664 0.2311
vn -0.9922 -0.0307 -0.1211
vn 0.0965 -0.9876 -0.1236
vn 0.1375 -0.2037 -0.9693
vn 0.1263 -0.0350 -0.9914
vn -0.1451 0.3116 0.9391
vn 0.7757 0.2510 0.5789
vn 0.9045 0.1328 0.4053
vn 0.8973 -0.3558 0.2609
vn -0.9145 0.0962 -0.3930
vn -0.9622 0.2085 0.1747
vn -0.9680 0.1888 -0.1650
vn -0.9481 0.2901 0.1300
vn -0.9734 0.2288 -0.0115
vn 0.1360 -0.8260 -0.5470
vn 0.1470 -0.4691 -0.8708
vn 0.1036 0.2119 -0.9718
vn 0.9891 0.0248 -0.1451
vn 0.9795 0.1168 -0.1639
vn 0.9902 0.0689 -0.1212
vn 0.9929 0.0446 0.1105
vn -0.1475 0.5254 0.8379
vn 0.8338 0.3136 0.4543
vn 0.8636 -0.4563 0.2141
vn 0.0386 0.6632 -0.7474
vn -0.1299 0.8751 0.4662
vn -0.1444 0.7036 0.6958
vn 0.9365 -0.3226 -0.1371
vn 0.9819 -0.0675 -0.1771
vn 0.9895 0.0939 0.1100
vn 0.8881 -0.4591 0.0204
vn -0.0524 0.9738 -0.2213
vn -0.1091 0.9645 0.2405
vn 0.8443 0.3569 0.3997
vn 0.9834 0.1315 0.1249
vn 0.9550 0.2497 -0.1602
vn 0.9357 0.3452 0.0721
vn 0.8285 0.4360 0.3513
vn 0.8971 0.3824 0.2214
vn -0.0493 0.8166 0.5750
vn -0.3699 0.8553 0.3629
vn -0.2340 0.8080 0.5407
vn -0.3392 0.8992 0.2763
vn -0.2628 0.5432 0.7974
vn 0.0921 0.9686 0.2311
vn -0.1105 0.5446 0.8314
vn 0.3323 0.8886 0.3161
vn 0.2072 0.5292 0.8228
vn 0.2688 0.7601 0.5916
vn -0.6942 0.6667 0.2711
vn -0.5610 0.7320 0.3865
vn -0.2431 0.2782 0.9292
vn 0.4577 0.8887 0.0240
vn -0.2630 0.9611 0.0841
vn 0.2345 0.9660 -0.1090
vn 0.3943 0.5168 0.7599
vn 0.1637 0.2032 0.9653
vn 0.3363 0.2268 0.9140
vn -0.6378 0.4560 0.6207
vn -0.5757 0.8133 -0.0837
vn -0.7498 0.3960 0.5300
vn -0.7457 0.6380 -0.1920
vn -0.9180 0.2677 0.2924
vn -0.8663 0.4962 0.0566
vn -0.0979 0.1678 0.9809
vn -0.4304 0.0221 0.9023
vn -0.4536 0.1830 0.8722
vn 0.5970 0.7884 0.1479
vn 0.4729 0.7263 0.4989
vn -0.0838 0.9527 -0.2920
vn 0.6362 0.7112 -0.2991
vn 0.4206 0.7715 -0.4772
vn 0.2631 -0.1052 0.9590
vn 0.3524 -0.1722 0.9198
vn -0.6499 0.1837 0.7375
vn -0.9012 0.4069 -0.1488
vn -0.6011 0.6426 -0.4751
vn -0.7351 0.4788 -0.4799
vn -0.8800 -0.0394 0.4734
vn -0.9732 0.1989 0.1153
vn -0.9485 -0.0718 0.3085
vn 0.0092 -0.0272 0.9996
vn -0.1639 -0.1940 0.9672
vn 0.7525 0.6344 -0.1766
vn -0.4044 0.8174 -0.4101
vn 0.7579 0.3792 -0.5307
vn 0.1335 0.7467 -0.6516
vn 0.5626 0.3822 -0.7330
vn 0.4718 -0.3482 0.8100
vn -0.7302 0.0208 0.6829
vn -0.5275 0.3369 -0.7799
vn -0.8193 -0.3567 0.4488
vn -0.8166 -0.4440 0.3688
vn -0.3453 -0.3105 0.8856
vn -0.0064 -0.5449 0.8384
vn 0.8626 0.3185 -0.3931
vn -0.1671 0.6349 -0.7542
vn -0.3990 0.4706 -0.7870
vn 0.7650 -0.1227 -0.6322
vn 0.3316 0.3500 -0.8761
vn 0.6116 -0.1532 -0.7762
vn 0.4546 -0.4704 0.7563
vn -0.7336 -0.1999 0.6495
vn -0.5508 -0.2839 0.7848
vn -0.7391 -0.6297 0.2393
vn -0.2802 -0.4801 0.8313
vn 0.2574 -0.6509 0.7142
vn 0.2730 -0.6437 0.7149
vn 0.8654 -0.1112 -0.4886
vn -0.3148 0.0448 -0.9481
vn -0.1759 0.1621 -0.9709
vn 0.0831 0.2708 -0.9590
vn 0.7008 -0.4113 -0.5828
vn 0.4527 -0.1741 -0.8745
vn 0.6126 -0.4146 -0.6729
vn 0.5513 -0.4675 0.6909
vn 0.4123 -0.5903 0.6939
vn -0.4172 -0.6404 0.6448
vn -0.6451 -0.7261 0.2379
vn -0.6528 -0.7474 0.1234
vn 0.7770 -0.3848 -0.4981
vn -0.0893 -0.3332 -0.9386
vn 0.2823 -0.2297 -0.9314
vn 0.0778 -0.2824 -0.9561
vn 0.4644 -0.4443 -0.7661
vn -0.4484 -0.8114 0.3749
vn -0.4364 -0.8122 0.3871
vn -0.5314 -0.8097 0.2490
vn 0.0674 -0.5498 -0.8326
vn 0.1828 -0.5317 -0.8269
vn 0.3006 -0.4871 -0.8199
vn 0.8630 0.2053 0.4615
vn 0.5758 0.7532 0.3179
vn 0.5024 0.6439 0.5770
vn 0.7381 0.6726 0.0528
vn 0.4467 0.3918 0.8043
vn 0.8943 0.1884 0.4059
vn 0.4923 0.0494 0.8690
vn 0.6731 -0.2983 0.6766
vn 0.6106 -0.1663 0.7743
vn -0.1952 0.9784 -0.0681
vn 0.0134 0.8852 -0.4650
vn -0.3956 -0.1390 0.9078
vn -0.3929 0.8108 0.4338
vn -0.4647 0.3469 0.8147
vn 0.7502 -0.2737 0.6019
vn 0.8226 0.5669 -0.0435
vn 0.9108 0.1701 0.3762
vn 0.8903 0.4525 0.0498
vn -0.2130 -0.6181 0.7566
vn -0.0821 -0.8137 0.5753
vn -0.8358 0.4251 -0.3474
vn 0.1493 0.7237 -0.6738
vn -0.7026 0.3377 -0.6263
vn -0.9902 0.0578 0.1270
vn -0.0363 -0.8636 0.5029
vn 0.1986 0.6439 -0.7389
vn -0.9391 -0.2833 0.1943
vn -0.8577 -0.5076 0.0822
vn -0.9457 0.3073 -0.1056
vn -0.6409 0.2268 -0.7333
vn -0.9052 -0.2057 -0.3719
vn -0.8757 -0.2230 -0.4283
vn -0.7729 -0.6344 -0.0050
vn -0.7704 -0.6271 -0.1149
vn -0.7066 0.0813 -0.7029
vn -0.8564 -0.2406 -0.4567
vn 0.0546 -0.7370 0.6737
vn -0.3538 -0.4433 0.8236
vn -0.1658 -0.8713 0.4619
vn -0.0407 -0.5912 0.8055
vn 0.0686 -0.9026 0.4250
vn 0.1200 -0.6552 0.7458
vn 0.3855 -0.5302 0.7551
vn 0.2302 -0.9041 0.3599
vn 0.4738 -0.7197 0.5075
vn -0.0822 -0.3273 0.9413
vn -0.6689 0.0685 0.7402
vn -0.3326 -0.9259 -0.1789
vn 0.1807 -0.6364 0.7498
vn 0.0331 -0.2465 0.9685
vn 0.2182 -0.9079 0.3578
vn -0.5392 -0.0634 0.8397
vn 0.4132 -0.5694 0.7107
vn 0.0909 -0.1325 0.9870
vn -0.2774 -0.9604 0.0237
vn 0.3625 -0.3327 0.8706
vn 0.5248 0.7309 -0.4364
vn 0.6798 0.5912 -0.4339
vn 0.5995 0.5422 -0.5886
vn 0.5252 0.8483 -0.0675
vn 0.3568 0.4572 -0.8146
vn 0.7877 0.6154 -0.0283
vn 0.1963 0.8722 -0.4480
vn 0.8661 0.4372 -0.2423
vn 0.4700 0.8633 -0.1838
vn 0.7180 0.1860 -0.6707
vn 0.7238 0.5691 -0.3900
vn 0.6228 0.3157 -0.7158
vn 0.2093 0.0482 -0.9767
vn 0.0455 -0.0030 -0.9989
vn -0.0690 0.9928 -0.0975
vn -0.2832 0.9519 -0.1163
vn 0.5311 0.8449 0.0627
vn 0.8938 0.2277 -0.3862
vn 0.7114 0.1869 -0.6775
vn 0.8438 0.4932 -0.2112
vn 0.4051 0.7960 -0.4498
vn 0.4833 0.8592 -0.1679
vn 0.7773 0.6220 -0.0943
vn 0.0322 0.9730 -0.2284
vn 0.6961 0.6531 -0.2981
vn 0.0403 0.8392 -0.5423
vn 0.5924 0.4694 -0.6548
vn 0.0787 0.6346 -0.7688
vn 0.3029 0.6034 -0.7377
vn 0.4765 0.8656 0.1534
vn 0.0135 0.9943 0.1061
vn 0.8432 0.3399 -0.4165
vn 0.9726 0.2323 -0.0102
vn 0.9308 0.3626 -0.0452
vn -0.3247 0.7819 -0.5321
vn 0.4043 0.2626 -0.8761
vn 0.0999 0.4596 -0.8824
vn 0.2712 0.3467 -0.8979
vn -0.0237 0.8061 0.5913
vn -0.4187 0.8750 -0.2428
vn -0.4567 0.8851 0.0899
vn 0.9373 0.2889 0.1948
vn 0.7654 0.6170 0.1827
vn 0.9728 0.1643 -0.1631
vn 0.6196 0.0786 -0.7809
vn 0.6982 0.0507 -0.7140
vn -0.1434 0.5877 -0.7963
vn 0.4704 0.0145 -0.8823
vn -0.3855 0.7527 0.5336
vn 0.3429 0.7496 0.5662
vn -0.0779 0.5798 0.8110
vn -0.7296 0.6482 -0.2178
vn 0.9750 -0.0000 0.2222
vn 0.9382 -0.3283 0.1096
vn 0.9828 -0.0666 0.1719
vn 0.4008 -0.3588 -0.8430
vn -0.0532 0.3351 -0.9406
vn 0.5108 -0.2240 -0.8300
vn -0.2110 0.5677 0.7957
vn -0.7569 0.6487 0.0791
vn -0.5722 0.4260 0.7007
vn -0.7049 0.5861 0.3994
vn 0.6680 0.5576 0.4928
vn 0.1470 0.6404 0.7538
vn 0.5228 0.4069 0.7490
vn -0.4517 0.4234 -0.7852
vn -0.6365 0.6128 -0.4682
vn 0.7783 0.2080 0.5924
vn 0.6780 -0.7065 0.2027
vn 0.6969 -0.6866 0.2072
vn -0.1812 0.2418 -0.9532
vn -0.2259 -0.0103 -0.9741
vn 0.6254 -0.7179 -0.3058
vn 0.6572 -0.7281 -0.1948
vn -0.8461 0.2407 0.4755
vn -0.9428 0.2766 -0.1858
vn -0.9398 0.3316 0.0821
vn 0.4838 -0.0320 0.8746
vn 0.7291 -0.6663 0.1562
vn 0.6319 -0.0727 0.7716
vn 0.5019 -0.8114 0.2995
vn -0.4380 -0.0019 -0.8990
vn -0.6131 -0.4569 -0.6444
vn -0.6084 0.0140 0.7935
vn -0.9013 0.3102 -0.3024
vn -0.7076 0.3471 -0.6154
vn -0.9998 -0.0119 0.0179
vn 0.5126 -0.8338 0.2049
vn 0.5090 -0.8554 0.0960
vn 0.2146 -0.3704 0.9037
vn -0.6597 -0.4951 -0.5653
vn -0.8438 -0.5355 -0.0357
vn -0.8010 0.0509 0.5964
vn -0.4550 -0.2263 0.8613
vn -0.8786 0.1928 -0.4368
vn -0.9542 -0.2816 -0.1006
vn -0.9815 -0.1650 -0.0967
vn -0.5641 0.1318 -0.8151
vn -0.8496 -0.5272 0.0166
vn -0.7451 -0.6663 0.0267
vn -0.6807 -0.7325 0.0011
vn -0.6919 -0.7219 -0.0066
vn -0.5594 -0.8261 0.0683
vn -0.4363 -0.8996 0.0167
vn -0.5285 -0.8477 0.0466
vn -0.0705 -0.1807 0.9810
vn 0.1313 0.1903 0.9729
vn -0.0615 0.2310 0.9710
vn 0.1505 -0.1723 0.9734
vn -0.2606 0.2721 0.9263
vn 0.1243 -0.5140 0.8487
vn -0.2879 -0.1632 0.9436
vn -0.0681 -0.5499 0.8325
vn -0.2132 -0.5008 0.8389
vn -0.0689 0.4595 0.8855
vn 0.2360 0.1178 0.9646
vn 0.0684 0.3635 0.9290
vn 0.1145 -0.8495 0.5149
vn 0.2510 -0.1810 0.9509
vn 0.2386 -0.6120 0.7540
vn -0.3503 -0.1312 0.9274
vn -0.3462 0.1825 0.9202
vn -0.2073 0.5498 0.8092
vn -0.0518 -0.8667 0.4961
vn -0.1609 -0.8488 0.5036
vn 0.3030 -0.9059 0.2958
vn -0.2308 -0.4509 0.8622
vn 0.2442 -0.9616 0.1251
vn -0.3081 -0.9460 0.1003
vn -0.0305 -0.9886 0.1470
vn -0.2382 -0.8462 0.4765
vn -0.0262 -0.9995 0.0172
vn 0.5103 -0.8576 0.0641
vn -0.5032 -0.8637 0.0289
vn 0.1266 -0.9910 0.0421
vn -0.1524 -0.9882 0.0122
vn 0.0376 -0.9963 -0.0766
vn -0.2040 -0.9721 -0.1157
vn 0.2497 -0.9654 -0.0755
vn -0.3394 -0.8718 -0.3532
vn 0.3832 -0.8838 -0.2683
vn 0.0772 -0.9400 -0.3322
vn -0.2596 -0.9657 -0.0077
vn -0.3230 -0.9452 0.0475
vn 0.2268 -0.9695 0.0928
vn 0.5093 -0.8441 0.1673
vn 0.1106 -0.7635 -0.6363
vn -0.8480 -0.5292 -0.0292
vn -0.0035 -0.7171 -0.6970
vn -0.1643 -0.6434 -0.7476
vn -0.2608 -0.9654 -0.0019
vn 0.2302 -0.9612 0.1517
vn 0.5607 -0.7890 -0.2508
vn 0.2738 -0.9551 -0.1131
vn -0.0333 -0.9726 -0.2298
vn -0.0898 -0.3775 -0.9216
vn -0.1086 -0.3301 -0.9377
vn 0.3294 -0.6157 -0.7158
vn 0.2339 -0.7086 -0.6657
vn 0.1392 -0.9902 0.0030
vn 0.0626 -0.9943 0.0863
vn -0.0627 -0.1074 -0.9922
vn 0.3570 -0.3634 -0.8605
vn 0.1307 -0.6830 -0.7186
vn -0.0168 0.0227 -0.9996
vn 0.0134 0.1071 -0.9941
vn 0.3959 -0.3315 -0.8563
vn -0.1262 -0.3750 -0.9184
vn 0.3704 -0.3130 -0.8745
vn 0.0994 0.0622 -0.9931
vn 0.1271 0.0444 -0.9909
vn 0.2762 0.0339 -0.9605
vn 0.1581 0.0671 -0.9851
vn 0.3247 -0.0936 -0.9412
vn 0.1492 -0.0749 -0.9859
vn 0.2389 0.1172 -0.9639
vn -0.2602 -0.8101 0.5253
vn 0.0703 -0.8164 0.5732
vn -0.2462 -0.4182 0.8743
vn -0.0240 -0.9242 0.3812
vn -0.3565 -0.6646 0.6566
vn -0.5833 -0.7554 0.2984
vn -0.3804 -0.7715 0.5099
vn -0.3814 -0.9185 0.1043
vn -0.0671 -0.9732 0.2197
vn 0.6581 -0.6956 0.2880
vn -0.5295 -0.4313 0.7305
vn -0.1923 0.1793 0.9648
vn -0.0573 -0.9720 0.2278
vn -0.4246 -0.7772 0.4644
vn -0.6445 -0.4040 0.6491
vn 0.4898 -0.7821 0.3851
vn -0.2913 -0.0057 0.9566
vn -0.7275 -0.5860 0.3568
vn -0.5519 -0.7937 0.2557
vn -0.7324 -0.3237 0.5989
vn -0.2415 0.5527 -0.7976
vn -0.1028 0.3790 -0.9196
vn -0.2804 0.3681 -0.8865
vn 0.2328 0.4284 -0.8731
vn -0.5570 0.5968 -0.5776
vn -0.0981 0.8038 -0.5867
vn -0.6500 0.2813 -0.7060
vn -0.4453 0.6506 -0.6152
vn -0.4714 0.1264 -0.8728
vn 0.0205 0.0239 -0.9995
vn 0.0605 0.1850 -0.9809
vn -0.3046 -0.0508 -0.9511
vn -0.5022 0.1803 -0.8457
vn -0.3297 0.3243 -0.8866
vn -0.2505 0.9507 -0.1830
vn -0.1001 0.9945 -0.0300
vn -0.6554 0.5691 -0.4964
vn 0.5853 0.1355 -0.7994
vn 0.7132 0.1522 -0.6842
vn 0.0288 0.0282 -0.9992
vn 0.7698 -0.1772 0.6132
vn 0.7653 -0.2325 0.6002
vn 0.7950 -0.2961 0.5293
vn 0.7484 -0.1110 0.6538
vn 0.8455 -0.3532 0.4004
vn 0.7289 0.0590 0.6821
vn 0.8449 -0.4283 0.3203
vn 0.7394 -0.0432 0.6719
vn 0.8225 -0.3895 0.4144
vn 0.6828 0.2801 0.6748
vn 0.9401 -0.3376 -0.0462
vn 0.8754 -0.4081 0.2591
vn 0.7207 0.3058 0.6222
vn 0.8989 -0.4209 0.1213
vn 0.9262 -0.3471 -0.1468
vn 0.9774 -0.0902 -0.1913
vn 0.9861 0.1369 -0.0941
vn 0.9861 -0.0396 -0.1613
vn 0.7567 0.4462 0.4778
vn 0.8915 0.3477 0.2904
vn 0.9524 0.2599 -0.1593
vn 0.9133 0.3682 0.1737
vn 0.8291 0.4770 0.2916
vn 0.9181 0.3961 0.0152
vn -0.3344 0.5081 0.7937
vn 0.1604 -0.2118 0.9640
vn 0.1257 0.5073 0.8525
vn -0.4151 -0.2470 0.8756
vn 0.8857 -0.4186 0.2009
vn -0.5379 0.5301 0.6554
vn 0.2000 0.9061 -0.3727
vn 0.4879 0.6014 -0.6326
vn 0.7445 0.2780 0.6069
vn -0.3178 -0.7288 0.6064
vn 0.7317 -0.3322 0.5952
vn 0.1451 -0.7075 0.6916
vn 0.3558 -0.4622 -0.8123
vn 0.9490 -0.0815 0.3045
vn 0.6665 -0.7452 0.0191
vn -0.6820 -0.3896 0.6189
vn 0.5538 -0.2069 -0.8065
vn 0.7223 0.0435 -0.6902
vn -0.5018 -0.7367 0.4534
vn 0.6390 -0.6611 0.3932
vn 0.9906 0.0423 -0.1303
vn 0.8657 -0.4998 -0.0265
vn 0.9444 -0.2151 -0.2486
vn 0.6821 -0.0729 -0.7275
vn 0.4538 -0.6791 -0.5769
vn 0.7544 -0.6494 -0.0955
vn 0.3576 -0.2473 -0.9005
vn 0.0940 -0.9744 -0.2040
vn 0.1042 -0.8061 -0.5824
vn 0.0157 -0.9760 -0.2172
vn 0.2741 -0.8651 -0.4201
vn 0.0789 -0.8453 -0.5284
vn -0.6422 -0.7627 -0.0760
vn -0.9356 -0.3504 -0.0432
vn -0.9993 -0.0130 0.0359
vn -0.6073 -0.7693 -0.1983
vn 0.9977 -0.0663 -0.0088
vn -0.2392 -0.9436 -0.2288
vn -0.5176 -0.6573 -0.5477
vn -0.4211 -0.7960 -0.4348
vn -0.8375 -0.5391 -0.0881
vn -0.3664 -0.7790 -0.5087
vn -0.3670 -0.3891 -0.8449
vn -0.6450 -0.6977 -0.3117
vn -0.7240 -0.6863 -0.0696
vn -0.8730 -0.4801 -0.0858
vn -0.8371 -0.5046 0.2112
vn -0.9852 -0.1494 0.0842
vn -0.6442 -0.7634 0.0468
vn -0.1798 -0.7563 0.6290
vn -0.5478 -0.8129 -0.1978
vn -0.5122 0.1750 -0.8408
vn -0.6394 -0.6351 -0.4334
vn -0.6912 -0.6788 0.2481
vn 0.5041 -0.8352 0.2197
vn -0.0052 -0.7772 -0.6291
vn 0.1571 -0.9850 -0.0707
vn 0.0237 -0.9168 -0.3985
vn 0.2650 0.2471 0.9320
vn -0.2982 0.7375 0.6059
vn -0.3072 0.2170 0.9266
vn 0.2121 0.6661 0.7151
vn -0.3351 -0.2936 0.8952
vn 0.8571 0.0824 0.5084
vn 0.2392 -0.3400 0.9095
vn 0.7739 -0.1286 0.6200
vn -0.5710 0.7051 0.4205
vn 0.1400 -0.4027 0.9045
vn -0.1325 -0.4611 0.8774
vn -0.4338 -0.4720 0.7675
vn 0.7660 -0.6426 0.0140
vn 0.5481 0.5221 0.6534
vn 0.9009 0.4266 -0.0802
vn 0.5388 -0.7002 0.4684
vn 0.3749 -0.8655 0.3320
vn -0.5795 0.1888 0.7928
vn 0.5061 0.8573 -0.0943
vn 0.7463 0.0583 -0.6630
vn 0.2037 0.1828 -0.9618
vn 0.6099 -0.7923 0.0132
vn 0.5216 -0.8526 -0.0298
vn 0.5990 -0.7982 0.0633
vn 0.1071 0.1786 -0.9781
vn 0.3066 -0.8510 -0.4263
vn 0.3563 -0.0372 -0.9336
vn 0.6840 -0.7229 0.0976
vn -0.0034 -0.8986 -0.4387
vn 0.3491 -0.9044 -0.2450
vn -0.0016 -0.9578 -0.2874
vn -0.8250 -0.5479 -0.1385
vn -0.7340 -0.6515 -0.1914
vn -0.7927 -0.5946 -0.1342
vn -0.6467 -0.7000 -0.3029
vn -0.8670 -0.4865 -0.1075
vn -0.5598 -0.7548 -0.3418
vn -0.9387 -0.3286 -0.1039
vn -0.8999 -0.4243 -0.1008
vn -0.6308 -0.7273 -0.2706
vn -0.3761 -0.6436 -0.6666
vn -0.9877 -0.1081 -0.1126
vn -0.5392 -0.7369 -0.4076
vn -0.4461 -0.7336 -0.5127
vn -0.2904 -0.6299 -0.7203
vn -0.3801 -0.4057 -0.8312
vn -0.5396 -0.2177 -0.8133
vn -0.4257 -0.3678 -0.8267
vn -0.9797 -0.0894 -0.1793
vn -0.9446 0.0508 -0.3241
vn -0.5171 -0.0816 -0.8520
vn -0.8468 -0.0563 -0.5289
vn -0.7805 -0.0255 -0.6246
vn -0.6762 0.0256 -0.7363
vn -0.8594 0.0845 -0.5042
vn 0.1780 -0.5756 0.7981
vn -0.3387 -0.4117 0.8460
vn -0.3002 -0.5957 0.7450
vn -0.6273 -0.7588 0.1749
vn 0.2821 -0.6257 0.7273
vn -0.2202 -0.9741 0.0507
vn 0.4479 -0.7095 0.5440
vn 0.0754 -0.9907 0.1135
vn -0.9134 -0.1975 0.3560
vn -0.9698 -0.1897 0.1532
vn 0.5839 -0.6605 0.4719
vn 0.2257 -0.9375 0.2649
vn 0.4302 -0.8902 0.1496
vn -0.3397 -0.8989 -0.2768
vn -0.6243 -0.7631 -0.1675
vn -0.8114 0.5114 -0.2830
vn -0.9295 -0.3687 0.0043
vn -0.9020 0.4121 -0.1286
vn -0.2447 -0.9256 0.2886
vn -0.8110 -0.5091 0.2883
vn -0.1296 -0.9587 -0.2532
vn -0.1328 0.9079 -0.3976
vn -0.8858 -0.1089 -0.4511
vn -0.2352 0.6867 -0.6878
vn -0.6894 -0.7241 -0.0224
vn 0.1685 0.8816 -0.4409
vn -0.7317 -0.4957 -0.4678
vn -0.4201 0.0021 -0.9075
vn 0.1166 0.7279 -0.6756
vn -0.2086 -0.5806 -0.7870
vn 0.0072 0.0139 -0.9998
vn 0.0003 -0.5284 -0.8490
vn 0.8686 -0.2156 -0.4461
vn 0.2025 -0.9485 -0.2435
vn 0.8381 -0.5344 -0.1092
vn 0.1814 -0.9460 -0.2686
vn 0.7249 -0.4040 -0.5579
vn 0.5373 -0.7570 -0.3716
vn 0.5959 -0.3148 -0.7387
vn 0.7687 -0.0748 -0.6352
vn 0.8419 -0.5004 -0.2020
vn 0.8538 0.2010 -0.4801
vn 0.4378 -0.5055 -0.7435
vn 0.6843 -0.5346 -0.4958
vn 0.7269 -0.6337 -0.2646
vn 0.7853 -0.6187 0.0211
vn 0.9655 -0.2477 0.0797
vn 0.8388 -0.5400 0.0688
vn 0.8912 -0.2597 0.3717
vn 0.6476 -0.7448 -0.1608
vn 0.8748 -0.4026 0.2694
vn 0.5522 -0.7259 -0.4101
vn 0.1981 -0.9799 0.0236
vn 0.6935 -0.7182 0.0561
vn -0.9381 -0.1336 -0.3194
vn 0.6930 -0.7187 -0.0570
vn 0.8945 -0.3521 -0.2754
vn 0.7680 -0.4470 -0.4587
vn -0.2691 -0.0180 0.9629
vn 0.3032 -0.0435 0.9519
vn 0.2265 0.7103 0.6665
vn 0.3336 -0.5260 0.7823
vn -0.2182 0.7474 0.6275
vn -0.2405 -0.5765 0.7808
vn -0.8265 0.4372 0.3546
vn -0.7753 -0.2960 0.5579
vn 0.4453 0.7265 0.5234
vn 0.4335 -0.6623 0.6111
vn 0.5761 -0.0330 0.8167
vn -0.9778 -0.1114 0.1775
vn -0.6604 -0.0204 0.7506
vn -0.5370 -0.8036 0.2568
vn -0.3301 -0.2594 0.9076
vn -0.8467 0.2399 -0.4748
vn -0.7806 -0.5392 -0.3161
vn -0.8119 -0.5812 -0.0553
vn -0.4318 -0.8841 0.1785
vn -0.7323 -0.1862 -0.6550
vn -0.9677 -0.1794 -0.1771
vn -0.7183 -0.5369 0.4424
vn -0.5954 -0.7873 -0.1599
vn -0.1384 -0.9331 -0.3317
vn 0.3181 -0.9384 0.1350
vn -0.5489 -0.4513 -0.7036
vn -0.3441 -0.8043 -0.4845
vn 0.0037 -0.6518 -0.7584
vn -0.0204 -0.9992 0.0343
vn 0.0712 -0.9966 -0.0418
vn 0.0070 -0.8428 -0.5382
vn -0.1151 -0.7720 0.6250
vn 0.0640 -0.7157 0.6955
vn -0.1358 -0.7435 0.6548
vn 0.1191 -0.7222 0.6814
vn -0.2893 -0.7978 0.5289
vn -0.3077 -0.8214 0.4802
vn 0.4061 -0.7791 -0.4775
vn 0.5434 -0.7354 -0.4048
vn 0.5455 -0.7347 -0.4032
vn 0.4070 -0.7769 -0.4803
vn 0.2586 -0.8016 -0.5390
vn 0.2561 -0.8020 -0.5397
vn 0.6373 -0.6881 -0.3471
vn 0.6156 -0.6830 -0.3930
vn 0.1455 -0.8023 -0.5788
vn 0.1899 -0.7819 -0.5937
vn 0.6707 -0.6474 -0.3619
vn 0.1227 -0.7748 -0.6202
vn 0.2383 -0.7217 -0.6498
vn 0.6077 -0.6359 -0.4757
vn 0.0012 -0.9727 0.2321
vn 0.0015 -0.9619 0.2733
vn 0.0012 -0.9730 0.2309
vn 0.0008 -0.9852 0.1711
vn 0.0007 -0.9853 0.1709
vn 0.0026 -0.9991 -0.0426
vn 0.0021 -1.0000 -0.0001
vn 0.0026 -0.9990 -0.0438
vn 0.0033 -0.9945 -0.1047
vn 0.0034 -0.9945 -0.1049
vn 0.0005 -1.0000 -0.0002
vn 0.0051 -0.9995 -0.0314
vn 0.0051 -0.9995 -0.0316
vn 0.0136 -0.9959 -0.0888
vn 0.0136 -0.9959 -0.0889
vn 0.0003 -0.9001 -0.4356
vn 0.0003 -0.8859 -0.4639
vn 0.0003 -0.8860 -0.4638
vn 0.0003 -0.8575 -0.5145
vn 0.0003 -0.8574 -0.5145
usemtl body_mat_32
s 1
f 505/1/1 506/2/2 504/3/3
f 505/1/1 493/4/4 506/2/2
f 505/1/1 504/3/3 503/5/5
f 505/1/1 492/6/6 493/4/4
f 505/1/1 503/5/5 508/7/7
f 505/1/1 490/8/8 492/6/6
f 505/1/1 508/7/7 499/9/9
f 505/1/1 491/10/10 490/8/8
f 505/1/1 499/9/9 496/11/11
f 505/1/1 496/11/11 491/10/10
f 506/2/2 342/12/12 504/3/3
f 493/4/4 492/6/6 137/13/13
f 493/4/4 137/13/13 139/14/14
f 503/5/5 497/15/15 508/7/7
f 503/5/5 504/3/3 501/16/16
f 503/5/5 500/17/17 497/15/15
f 503/5/5 501/16/16 500/17/17
f 490/8/8 491/10/10 133/18/18
f 490/8/8 133/18/18 492/6/6
f 492/6/6 133/18/18 137/13/13
f 499/9/9 147/19/19 496/11/11
f 499/9/9 508/7/7 154/20/20
f 499/9/9 154/20/20 147/19/19
f 508/7/7 497/15/15 154/20/20
f 342/12/12 157/21/21 504/3/3
f 342/12/12 162/22/22 157/21/21
f 342/12/12 164/23/23 162/22/22
f 504/3/3 157/21/21 501/16/16
f 139/14/14 137/13/13 138/24/24
f 500/17/17 507/25/25 497/15/15
f 500/17/17 501/16/16 502/26/26
f 500/17/17 495/27/27 507/25/25
f 500/17/17 502/26/26 498/28/28
f 500/17/17 494/29/29 495/27/27
f 500/17/17 498/28/28 494/29/29
f 491/10/10 141/30/30 133/18/18
f 491/10/10 496/11/11 140/31/31
f 491/10/10 140/31/31 141/30/30
f 496/11/11 147/19/19 140/31/31
f 154/20/20 497/15/15 151/32/32
f 154/20/20 155/33/33 147/19/19
f 154/20/20 151/32/32 150/34/34
f 154/20/20 166/35/35 155/33/33
f 154/20/20 150/34/34 166/35/35
f 164/23/23 163/36/36 162/22/22
f 164/23/23 138/24/24 163/36/36
f 157/21/21 159/37/37 501/16/16
f 157/21/21 162/22/22 158/38/38
f 157/21/21 158/38/38 159/37/37
f 501/16/16 159/37/37 502/26/26
f 137/13/13 133/18/18 136/39/39
f 137/13/13 136/39/39 138/24/24
f 138/24/24 136/39/39 163/36/36
f 507/25/25 495/27/27 149/40/40
f 507/25/25 149/40/40 497/15/15
f 151/32/32 149/40/40 150/34/34
f 151/32/32 497/15/15 149/40/40
f 498/28/28 142/41/41 494/29/29
f 498/28/28 502/26/26 152/42/42
f 498/28/28 152/42/42 142/41/41
f 502/26/26 159/37/37 152/42/42
f 141/30/30 140/31/31 134/43/43
f 141/30/30 134/43/43 133/18/18
f 147/19/19 155/33/33 148/44/44
f 147/19/19 148/44/44 140/31/31
f 148/44/44 155/33/33 163/36/36
f 148/44/44 163/36/36 134/43/43
f 148/44/44 134/43/43 140/31/31
f 155/33/33 166/35/35 163/36/36
f 162/22/22 161/45/45 158/38/38
f 162/22/22 163/36/36 161/45/45
f 166/35/35 150/34/34 161/45/45
f 166/35/35 161/45/45 163/36/36
f 136/39/39 133/18/18 135/46/46
f 136/39/39 135/46/46 163/36/36
f 135/46/46 133/18/18 134/43/43
f 135/46/46 134/43/43 163/36/36
f 495/27/27 146/47/47 149/40/40
f 495/27/27 494/29/29 144/48/48
f 495/27/27 144/48/48 146/47/47
f 494/29/29 142/41/41 144/48/48
f 159/37/37 160/49/49 152/42/42
f 159/37/37 158/38/38 160/49/49
f 150/34/34 156/50/50 161/45/45
f 150/34/34 149/40/40 165/51/51
f 150/34/34 165/51/51 156/50/50
f 158/38/38 156/50/50 160/49/49
f 158/38/38 161/45/45 156/50/50
f 146/47/47 144/48/48 145/52/52
f 146/47/47 145/52/52 149/40/40
f 165/51/51 145/52/52 156/50/50
f 165/51/51 149/40/40 145/52/52
f 142/41/41 152/42/42 153/53/53
f 142/41/41 143/54/54 144/48/48
f 142/41/41 153/53/53 143/54/54
f 143/54/54 156/50/50 145/52/52
f 143/54/54 145/52/52 144/48/48
f 143/54/54 153/53/53 156/50/50
f 153/53/53 160/49/49 156/50/50
f 153/53/53 152/42/42 160/49/49
f 45/55/55 46/56/56 44/57/57
f 45/55/55 78/58/58 46/56/56
f 45/55/55 44/57/57 352/59/59
f 45/55/55 66/60/60 78/58/58
f 45/55/55 352/59/59 69/61/61
f 45/55/55 30/62/62 66/60/60
f 45/55/55 69/61/61 68/63/63
f 45/55/55 70/64/64 30/62/62
f 45/55/55 68/63/63 70/64/64
f 46/56/56 78/58/58 409/65/65
f 46/56/56 409/65/65 408/66/66
f 352/59/59 47/67/67 69/61/61
f 66/60/60 30/62/62 28/68/68
f 66/60/60 49/69/69 78/58/58
f 66/60/60 28/68/68 50/70/70
f 66/60/60 50/70/70 49/69/69
f 68/63/63 71/71/71 70/64/64
f 68/63/63 69/61/61 41/72/72
f 68/63/63 56/73/73 71/71/71
f 68/63/63 41/72/72 56/73/73
f 409/65/65 676/74/74 408/66/66
f 409/65/65 78/58/58 425/75/75
f 409/65/65 428/76/76 676/74/74
f 409/65/65 425/75/75 397/77/77
f 409/65/65 427/78/78 428/76/76
f 409/65/65 397/77/77 429/79/79
f 409/65/65 429/79/79 427/78/78
f 78/58/58 49/69/69 425/75/75
f 47/67/67 48/80/80 69/61/61
f 47/67/67 40/81/81 48/80/80
f 47/67/67 362/82/82 40/81/81
f 69/61/61 48/80/80 41/72/72
f 30/62/62 31/83/83 28/68/68
f 30/62/62 70/64/64 75/84/84
f 30/62/62 75/84/84 31/83/83
f 75/84/84 70/64/64 71/71/71
f 50/70/70 20/85/85 49/69/69
f 50/70/70 28/68/68 27/86/86
f 50/70/70 21/87/87 20/85/85
f 50/70/70 27/86/86 21/87/87
f 56/73/73 41/72/72 43/88/88
f 56/73/73 43/88/88 368/89/89
f 676/74/74 428/76/76 410/90/90
f 362/82/82 410/90/90 40/81/81
f 397/77/77 434/91/91 429/79/79
f 397/77/77 425/75/75 395/92/92
f 397/77/77 396/93/93 434/91/91
f 397/77/77 395/92/92 396/93/93
f 427/78/78 405/94/94 428/76/76
f 427/78/78 429/79/79 430/95/95
f 427/78/78 418/96/96 405/94/94
f 427/78/78 430/95/95 418/96/96
f 430/95/95 429/79/79 434/91/91
f 48/80/80 42/97/97 41/72/72
f 48/80/80 40/81/81 39/98/98
f 48/80/80 39/98/98 42/97/97
f 42/97/97 43/88/88 41/72/72
f 31/83/83 29/99/99 28/68/68
f 28/68/68 29/99/99 27/86/86
f 49/69/69 20/85/85 412/100/100
f 49/69/69 412/100/100 425/75/75
f 425/75/75 412/100/100 395/92/92
f 21/87/87 27/86/86 35/101/101
f 21/87/87 19/102/102 20/85/85
f 21/87/87 35/101/101 26/103/103
f 21/87/87 26/103/103 19/102/102
f 368/89/89 43/88/88 55/104/104
f 410/90/90 428/76/76 411/105/105
f 410/90/90 411/105/105 40/81/81
f 428/76/76 405/94/94 411/105/105
f 396/93/93 395/92/92 394/106/106
f 418/96/96 406/107/107 405/94/94
f 418/96/96 689/108/108 406/107/107
f 39/98/98 40/81/81 38/109/109
f 39/98/98 38/109/109 67/110/110
f 29/99/99 37/111/111 27/86/86
f 27/86/86 37/111/111 35/101/101
f 412/100/100 20/85/85 389/112/112
f 412/100/100 393/113/113 395/92/92
f 412/100/100 389/112/112 393/113/113
f 395/92/92 393/113/113 394/106/106
f 20/85/85 19/102/102 389/112/112
f 26/103/103 35/101/101 33/114/114
f 26/103/103 25/115/115 19/102/102
f 26/103/103 33/114/114 24/116/116
f 26/103/103 24/116/116 25/115/115
f 43/88/88 51/117/117 55/104/104
f 411/105/105 405/94/94 407/118/118
f 411/105/105 404/119/119 40/81/81
f 411/105/105 407/118/118 404/119/119
f 407/118/118 405/94/94 406/107/107
f 40/81/81 404/119/119 38/109/109
f 689/108/108 416/120/120 406/107/107
f 67/110/110 38/109/109 370/121/121
f 67/110/110 360/122/122 52/123/123
f 37/111/111 36/124/124 35/101/101
f 35/101/101 36/124/124 33/114/114
f 393/113/113 403/125/125 394/106/106
f 393/113/113 389/112/112 402/126/126
f 393/113/113 402/126/126 403/125/125
f 19/102/102 25/115/115 392/127/127
f 19/102/102 392/127/127 389/112/112
f 389/112/112 392/127/127 402/126/126
f 24/116/116 33/114/114 32/128/128
f 24/116/116 23/129/129 25/115/115
f 24/116/116 32/128/128 22/130/130
f 24/116/116 22/130/130 23/129/129
f 51/117/117 54/131/131 55/104/104
f 51/117/117 52/123/123 53/132/132
f 51/117/117 53/132/132 54/131/131
f 53/132/132 52/123/123 360/122/122
f 404/119/119 426/133/133 38/109/109
f 38/109/109 426/133/133 370/121/121
f 416/120/120 413/134/134 406/107/107
f 416/120/120 417/135/135 413/134/134
f 36/124/124 34/136/136 33/114/114
f 33/114/114 34/136/136 32/128/128
f 403/125/125 402/126/126 401/137/137
f 392/127/127 25/115/115 391/138/138
f 392/127/127 400/139/139 402/126/126
f 392/127/127 391/138/138 400/139/139
f 402/126/126 400/139/139 401/137/137
f 25/115/115 23/129/129 391/138/138
f 22/130/130 367/140/140 23/129/129
f 426/133/133 415/141/141 683/142/142
f 417/135/135 414/143/143 413/134/134
f 414/143/143 415/141/141 413/134/134
f 414/143/143 683/142/142 415/141/141
f 400/139/139 399/144/144 401/137/137
f 400/139/139 391/138/138 398/145/145
f 400/139/139 398/145/145 399/144/144
f 367/140/140 390/146/146 23/129/129
f 390/146/146 391/138/138 23/129/129
f 390/146/146 398/145/145 391/138/138
f 3/147/147 1/148/148 2/149/149
f 3/147/147 18/150/150 1/148/148
f 3/147/147 2/149/149 4/151/151
f 3/147/147 73/152/152 18/150/150
f 3/147/147 4/151/151 5/153/153
f 3/147/147 12/154/154 73/152/152
f 3/147/147 5/153/153 76/155/155
f 3/147/147 76/155/155 12/154/154
f 1/148/148 8/156/156 2/149/149
f 1/148/148 18/150/150 77/157/157
f 1/148/148 77/157/157 8/156/156
f 4/151/151 6/158/158 5/153/153
f 4/151/151 2/149/149 9/159/159
f 4/151/151 7/160/160 6/158/158
f 4/151/151 9/159/159 7/160/160
f 2/149/149 8/156/156 9/159/159
f 73/152/152 12/154/154 72/161/161
f 73/152/152 16/162/162 18/150/150
f 73/152/152 72/161/161 356/163/163
f 73/152/152 14/164/164 16/162/162
f 73/152/152 356/163/163 14/164/164
f 76/155/155 5/153/153 10/165/165
f 76/155/155 13/166/166 12/154/154
f 76/155/155 10/165/165 13/166/166
f 5/153/153 6/158/158 10/165/165
f 77/157/157 380/167/167 8/156/156
f 77/157/157 18/150/150 17/168/168
f 77/157/157 388/169/169 380/167/167
f 77/157/157 17/168/168 388/169/169
f 18/150/150 16/162/162 17/168/168
f 7/160/160 9/159/159 383/170/170
f 7/160/160 383/170/170 6/158/158
f 72/161/161 12/154/154 11/171/171
f 12/154/154 13/166/166 11/171/171
f 14/164/164 15/172/172 16/162/162
f 16/162/162 15/172/172 17/168/168
f 10/165/165 6/158/158 384/173/173
f 10/165/165 435/174/174 13/166/166
f 10/165/165 384/173/173 435/174/174
f 6/158/158 383/170/170 384/173/173
f 8/156/156 380/167/167 382/175/175
f 8/156/156 382/175/175 9/159/159
f 9/159/159 382/175/175 383/170/170
f 388/169/169 17/168/168 387/176/176
f 388/169/169 381/177/177 380/167/167
f 388/169/169 387/176/176 432/178/178
f 388/169/169 432/178/178 381/177/177
f 383/170/170 381/177/177 384/173/173
f 383/170/170 382/175/175 381/177/177
f 382/175/175 380/167/167 381/177/177
f 384/173/173 381/177/177 435/174/174
f 17/168/168 15/172/172 387/176/176
f 11/171/171 13/166/166 385/179/179
f 11/171/171 385/179/179 431/180/180
f 385/179/179 432/178/178 431/180/180
f 385/179/179 381/177/177 432/178/178
f 385/179/179 13/166/166 435/174/174
f 385/179/179 435/174/174 381/177/177
f 15/172/172 386/181/181 387/176/176
f 387/176/176 386/181/181 432/178/178
f 431/180/180 432/178/178 680/182/182
f 680/182/182 432/178/178 386/181/181
f 98/183/183 99/184/184 97/185/185
f 98/183/183 118/186/186 99/184/184
f 98/183/183 97/185/185 96/187/187
f 98/183/183 103/188/188 118/186/186
f 98/183/183 96/187/187 95/189/189
f 98/183/183 104/190/190 103/188/188
f 98/183/183 95/189/189 105/191/191
f 98/183/183 105/191/191 104/190/190
f 99/184/184 118/186/186 120/192/192
f 99/184/184 120/192/192 122/193/193
f 97/185/185 100/194/194 96/187/187
f 103/188/188 104/190/190 102/195/195
f 103/188/188 124/196/196 118/186/186
f 103/188/188 102/195/195 124/196/196
f 95/189/189 96/187/187 94/197/197
f 120/192/192 123/198/198 122/193/193
f 120/192/192 118/186/186 121/199/199
f 120/192/192 119/200/200 123/198/198
f 120/192/192 121/199/199 119/200/200
f 100/194/194 101/201/201 96/187/187
f 96/187/187 101/201/201 94/197/197
f 124/196/196 125/202/202 118/186/186
f 118/186/186 125/202/202 121/199/199
f 117/203/203 115/204/204 110/205/205
f 117/203/203 131/206/206 115/204/204
f 117/203/203 110/205/205 109/207/207
f 117/203/203 372/208/208 131/206/206
f 117/203/203 109/207/207 129/209/209
f 117/203/203 127/210/210 372/208/208
f 117/203/203 129/209/209 128/211/211
f 117/203/203 128/211/211 127/210/210
f 115/204/204 114/212/212 110/205/205
f 115/204/204 131/206/206 113/213/213
f 115/204/204 113/213/213 114/212/212
f 109/207/207 110/205/205 107/214/214
f 109/207/207 107/214/214 111/215/215
f 109/207/207 111/215/215 112/216/216
f 129/209/209 130/217/217 128/211/211
f 129/209/209 371/218/218 130/217/217
f 127/210/210 128/211/211 126/219/219
f 126/219/219 128/211/211 130/217/217
f 114/212/212 116/220/220 110/205/205
f 107/214/214 106/221/221 111/215/215
f 107/214/214 110/205/205 108/222/222
f 107/214/214 108/222/222 106/221/221
f 108/222/222 110/205/205 116/220/220
f 169/223/223 167/224/224 168/225/225
f 169/223/223 265/226/226 167/224/224
f 169/223/223 168/225/225 299/227/227
f 169/223/223 264/228/228 265/226/226
f 169/223/223 299/227/227 170/229/229
f 169/223/223 282/230/230 264/228/228
f 169/223/223 170/229/229 171/231/231
f 169/223/223 171/231/231 282/230/230
f 167/224/224 180/232/232 168/225/225
f 167/224/224 265/226/226 266/233/233
f 167/224/224 266/233/233 180/232/232
f 299/227/227 185/234/234 170/229/229
f 299/227/227 168/225/225 203/235/235
f 299/227/227 182/236/236 185/234/234
f 299/227/227 203/235/235 182/236/236
f 264/228/228 282/230/230 510/237/237
f 264/228/228 510/237/237 265/226/226
f 171/231/231 170/229/229 283/238/238
f 171/231/231 281/239/239 282/230/230
f 171/231/231 283/238/238 344/240/240
f 171/231/231 344/240/240 281/239/239
f 266/233/233 343/241/241 180/232/232
f 266/233/233 265/226/226 509/242/242
f 266/233/233 520/243/243 343/241/241
f 266/233/233 509/242/242 520/243/243
f 265/226/226 510/237/237 509/242/242
f 168/225/225 202/244/244 203/235/235
f 168/225/225 180/232/232 253/245/245
f 168/225/225 253/245/245 202/244/244
f 185/234/234 182/236/236 184/246/246
f 185/234/234 267/247/247 170/229/229
f 185/234/234 184/246/246 268/248/248
f 185/234/234 268/248/248 267/247/247
f 170/229/229 267/247/247 283/238/238
f 282/230/230 281/239/239 512/249/249
f 282/230/230 512/249/249 510/237/237
f 344/240/240 283/238/238 345/250/250
f 283/238/238 267/247/247 345/250/250
f 343/241/241 520/243/243 649/251/251
f 343/241/241 321/252/252 180/232/232
f 343/241/241 649/251/251 340/253/253
f 343/241/241 340/253/253 321/252/252
f 180/232/232 321/252/252 253/245/245
f 509/242/242 510/237/237 511/254/254
f 509/242/242 511/254/254 520/243/243
f 203/235/235 202/244/244 201/255/255
f 203/235/235 183/256/256 182/236/236
f 203/235/235 201/255/255 183/256/256
f 184/246/246 182/236/236 181/257/257
f 182/236/236 183/256/256 181/257/257
f 268/248/248 269/258/258 267/247/247
f 281/239/239 669/259/259 512/249/249
f 345/250/250 267/247/247 346/260/260
f 267/247/247 269/258/258 346/260/260
f 649/251/251 668/261/261 340/253/253
f 649/251/251 520/243/243 589/262/262
f 649/251/251 648/263/263 668/261/261
f 649/251/251 589/262/262 588/264/264
f 649/251/251 588/264/264 648/263/263
f 520/243/243 511/254/254 589/262/262
f 321/252/252 254/265/265 253/245/245
f 321/252/252 340/253/253 341/266/266
f 321/252/252 320/267/267 254/265/265
f 321/252/252 341/266/266 320/267/267
f 510/237/237 512/249/249 513/268/268
f 510/237/237 627/269/269 511/254/254
f 510/237/237 513/268/268 627/269/269
f 202/244/244 200/270/270 201/255/255
f 202/244/244 253/245/245 200/270/270
f 254/265/265 320/267/267 200/270/270
f 254/265/265 200/270/270 253/245/245
f 183/256/256 273/271/271 181/257/257
f 183/256/256 201/255/255 278/272/272
f 183/256/256 278/272/272 273/271/271
f 669/259/259 611/273/273 512/249/249
f 669/259/259 670/274/274 611/273/273
f 512/249/249 611/273/273 513/268/268
f 269/258/258 347/275/275 346/260/260
f 269/258/258 357/276/276 347/275/275
f 588/264/264 535/277/277 648/263/263
f 588/264/264 589/262/262 535/277/277
f 511/254/254 627/269/269 538/278/278
f 511/254/254 536/279/279 589/262/262
f 511/254/254 538/278/278 536/279/279
f 589/262/262 536/279/279 535/277/277
f 320/267/267 279/280/280 200/270/270
f 181/257/257 273/271/271 271/281/281
f 201/255/255 200/270/270 280/282/282
f 200/270/270 279/280/280 280/282/282
f 278/272/272 274/283/283 273/271/271
f 670/274/274 597/284/284 611/273/273
f 670/274/274 671/285/285 597/284/284
f 611/273/273 597/284/284 513/268/268
f 648/263/263 535/277/277 609/286/286
f 627/269/269 523/287/287 538/278/278
f 627/269/269 513/268/268 524/288/288
f 627/269/269 524/288/288 523/287/287
f 513/268/268 597/284/284 524/288/288
f 536/279/279 537/289/289 535/277/277
f 536/279/279 538/278/278 537/289/289
f 271/281/281 273/271/271 272/290/290
f 271/281/281 272/290/290 270/291/291
f 272/290/290 273/271/271 274/283/283
f 279/280/280 377/292/292 280/282/282
f 671/285/285 598/293/293 597/284/284
f 671/285/285 672/294/294 598/293/293
f 609/286/286 535/277/277 610/295/295
f 609/286/286 610/295/295 694/296/296
f 610/295/295 535/277/277 537/289/289
f 523/287/287 524/288/288 525/297/297
f 523/287/287 522/298/298 538/278/278
f 523/287/287 525/297/297 521/299/299
f 523/287/287 521/299/299 522/298/298
f 538/278/278 522/298/298 537/289/289
f 597/284/284 598/293/293 599/300/300
f 597/284/284 599/300/300 524/288/288
f 524/288/288 599/300/300 525/297/297
f 672/294/294 681/301/301 598/293/293
f 521/299/299 604/302/302 522/298/298
f 521/299/299 602/303/303 604/302/302
f 537/289/289 522/298/298 608/304/304
f 522/298/298 604/302/302 608/304/304
f 602/303/303 601/305/305 604/302/302
f 602/303/303 600/306/306 601/305/305
f 608/304/304 604/302/302 603/307/307
f 603/307/307 604/302/302 601/305/305
f 191/308/308 186/309/309 188/310/310
f 191/308/308 258/311/311 186/309/309
f 191/308/308 188/310/310 526/312/312
f 191/308/308 322/313/313 258/311/311
f 191/308/308 526/312/312 592/314/314
f 191/308/308 190/315/315 322/313/313
f 191/308/308 592/314/314 650/316/316
f 191/308/308 650/316/316 190/315/315
f 186/309/309 187/317/317 188/310/310
f 186/309/309 258/311/311 259/318/318
f 186/309/309 260/319/319 187/317/317
f 186/309/309 259/318/318 260/319/319
f 188/310/310 187/317/317 526/312/312
f 322/313/313 190/315/315 189/320/320
f 322/313/313 323/321/321 258/311/311
f 322/313/313 189/320/320 199/322/322
f 322/313/313 199/322/322 323/321/321
f 323/321/321 259/318/318 258/311/311
f 592/314/314 651/323/323 650/316/316
f 592/314/314 526/312/312 593/324/324
f 592/314/314 593/324/324 651/323/323
f 187/317/317 594/325/325 526/312/312
f 526/312/312 594/325/325 593/324/324
f 190/315/315 173/326/326 189/320/320
f 190/315/315 650/316/316 527/327/327
f 190/315/315 527/327/327 173/326/326
f 199/322/322 189/320/320 192/328/328
f 651/323/323 534/329/329 650/316/316
f 650/316/316 534/329/329 527/327/327
f 173/326/326 172/330/330 189/320/320
f 173/326/326 527/327/327 514/331/331
f 173/326/326 174/332/332 172/330/330
f 173/326/326 514/331/331 174/332/332
f 189/320/320 172/330/330 192/328/328
f 534/329/329 528/333/333 527/327/327
f 527/327/327 528/333/333 514/331/331
f 174/332/332 255/334/334 172/330/330
f 174/332/332 514/331/331 255/334/334
f 192/328/328 172/330/330 193/335/335
f 528/333/333 529/336/336 514/331/331
f 255/334/334 179/337/337 172/330/330
f 255/334/334 514/331/331 518/338/338
f 255/334/334 194/339/339 179/337/337
f 255/334/334 518/338/338 194/339/339
f 514/331/331 529/336/336 518/338/338
f 172/330/330 179/337/337 193/335/335
f 194/339/339 518/338/338 515/340/340
f 194/339/339 175/341/341 179/337/337
f 194/339/339 515/340/340 530/342/342
f 194/339/339 195/343/343 175/341/341
f 194/339/339 530/342/342 373/344/344
f 194/339/339 373/344/344 195/343/343
f 529/336/336 519/345/345 518/338/338
f 529/336/336 591/346/346 519/345/345
f 518/338/338 519/345/345 515/340/340
f 193/335/335 179/337/337 178/347/347
f 193/335/335 178/347/347 257/348/348
f 179/337/337 175/341/341 178/347/347
f 530/342/342 348/349/349 373/344/344
f 530/342/342 515/340/340 517/350/350
f 530/342/342 673/351/351 348/349/349
f 530/342/342 517/350/350 675/352/352
f 530/342/342 675/352/352 673/351/351
f 373/344/344 348/349/349 195/343/343
f 591/346/346 590/353/353 519/345/345
f 257/348/348 178/347/347 256/354/354
f 175/341/341 195/343/343 176/355/355
f 175/341/341 177/356/356 178/347/347
f 175/341/341 176/355/355 177/356/356
f 178/347/347 177/356/356 256/354/354
f 515/340/340 516/357/357 517/350/350
f 515/340/340 519/345/345 516/357/357
f 519/345/345 590/353/353 516/357/357
f 675/352/352 626/358/358 673/351/351
f 675/352/352 674/359/359 626/358/358
f 673/351/351 626/358/358 348/349/349
f 195/343/343 351/360/360 176/355/355
f 195/343/343 348/349/349 349/361/361
f 195/343/343 349/361/361 351/360/360
f 177/356/356 375/362/362 256/354/354
f 590/353/353 693/363/363 516/357/357
f 674/359/359 532/364/364 626/358/358
f 348/349/349 298/365/365 349/361/361
f 348/349/349 626/358/358 359/366/366
f 348/349/349 359/366/366 298/365/365
f 349/361/361 298/365/365 351/360/360
f 532/364/364 531/367/367 626/358/358
f 532/364/364 533/368/368 531/367/367
f 359/366/366 297/369/369 298/365/365
f 359/366/366 626/358/358 625/370/370
f 626/358/358 531/367/367 625/370/370
f 351/360/360 298/365/365 350/371/371
f 533/368/368 596/372/372 531/367/367
f 533/368/368 263/373/373 596/372/372
f 531/367/367 596/372/372 625/370/370
f 297/369/369 196/374/374 298/365/365
f 297/369/369 262/375/375 196/374/374
f 350/371/371 298/365/365 198/376/376
f 298/365/365 196/374/374 198/376/376
f 263/373/373 376/377/377 596/372/372
f 263/373/373 197/378/378 262/375/375
f 263/373/373 262/375/375 376/377/377
f 197/378/378 198/376/376 196/374/374
f 197/378/378 196/374/374 262/375/375
f 456/379/379 454/380/380 455/381/381
f 456/379/379 452/382/382 454/380/380
f 456/379/379 455/381/381 475/383/383
f 456/379/379 453/384/384 452/382/382
f 456/379/379 475/383/383 461/385/385
f 456/379/379 462/386/386 453/384/384
f 456/379/379 461/385/385 460/387/387
f 456/379/379 460/387/387 462/386/386
f 454/380/380 452/382/382 457/388/388
f 455/381/381 478/389/389 475/383/383
f 455/381/381 479/390/390 478/389/389
f 453/384/384 451/391/391 452/382/382
f 461/385/385 459/392/392 460/387/387
f 461/385/385 475/383/383 481/393/393
f 461/385/385 481/393/393 459/392/392
f 457/388/388 452/382/382 458/394/394
f 458/394/394 452/382/382 451/391/391
f 479/390/390 480/395/395 478/389/389
f 475/383/383 482/396/396 481/393/393
f 475/383/383 478/389/389 477/397/397
f 475/383/383 477/397/397 482/396/396
f 480/395/395 476/398/398 478/389/389
f 478/389/389 476/398/398 477/397/397
f 474/399/399 467/400/400 471/401/401
f 474/399/399 466/402/402 467/400/400
f 474/399/399 471/401/401 488/403/403
f 474/399/399 486/404/404 466/402/402
f 474/399/399 488/403/403 691/405/405
f 474/399/399 484/406/406 486/404/404
f 474/399/399 691/405/405 485/407/407
f 474/399/399 485/407/407 484/406/406
f 467/400/400 472/408/408 471/401/401
f 467/400/400 466/402/402 465/409/409
f 467/400/400 473/410/410 472/408/408
f 467/400/400 465/409/409 464/411/411
f 467/400/400 464/411/411 473/410/410
f 488/403/403 471/401/401 470/412/412
f 470/412/412 471/401/401 472/408/408
f 486/404/404 484/406/406 487/413/413
f 486/404/404 487/413/413 690/414/414
f 485/407/407 483/415/415 484/406/406
f 484/406/406 483/415/415 487/413/413
f 466/402/402 469/416/416 465/409/409
f 466/402/402 468/417/417 469/416/416
f 464/411/411 465/409/409 463/418/418
f 463/418/418 465/409/409 469/416/416
f 84/419/419 82/420/420 83/421/421
f 84/419/419 88/422/422 82/420/420
f 84/419/419 83/421/421 90/423/423
f 84/419/419 89/424/424 88/422/422
f 84/419/419 90/423/423 91/425/425
f 84/419/419 358/426/426 89/424/424
f 84/419/419 91/425/425 358/426/426
f 83/421/421 132/427/427 90/423/423
f 89/424/424 358/426/426 363/428/428
f 91/425/425 90/423/423 87/429/429
f 132/427/427 93/430/430 90/423/423
f 358/426/426 354/431/431 363/428/428
f 87/429/429 90/423/423 92/432/432
f 87/429/429 92/432/432 85/433/433
f 87/429/429 85/433/433 86/434/434
f 87/429/429 86/434/434 365/435/435
f 87/429/429 365/435/435 366/436/436
f 92/432/432 90/423/423 93/430/430
f 354/431/431 353/437/437 363/428/428
f 354/431/431 355/438/438 353/437/437
f 366/436/436 365/435/435 355/438/438
f 86/434/434 364/439/439 365/435/435
f 353/437/437 355/438/438 81/440/440
f 353/437/437 81/440/440 80/441/441
f 365/435/435 364/439/439 81/440/440
f 365/435/435 81/440/440 355/438/438
f 80/441/441 81/440/440 79/442/442
f 79/442/442 81/440/440 364/439/439
f 204/443/443 205/444/444 206/445/445
f 204/443/443 248/446/446 205/444/444
f 204/443/443 206/445/445 214/447/447
f 204/443/443 249/448/448 248/446/446
f 204/443/443 214/447/447 242/449/449
f 204/443/443 243/450/450 249/448/448
f 204/443/443 242/449/449 243/450/450
f 205/444/444 207/451/451 206/445/445
f 205/444/444 248/446/446 328/452/452
f 205/444/444 209/453/453 207/451/451
f 205/444/444 328/452/452 333/454/454
f 205/444/444 333/454/454 209/453/453
f 214/447/447 290/455/455 242/449/449
f 214/447/447 206/445/445 213/456/456
f 214/447/447 289/457/457 290/455/455
f 214/447/447 213/456/456 289/457/457
f 206/445/445 207/451/451 213/456/456
f 249/448/448 250/458/458 248/446/446
f 243/450/450 242/449/449 291/459/459
f 243/450/450 291/459/459 378/460/460
f 291/459/459 242/449/449 290/455/455
f 328/452/452 248/446/446 327/461/461
f 327/461/461 248/446/446 250/458/458
f 333/454/454 335/462/462 209/453/453
f 289/457/457 213/456/456 288/463/463
f 207/451/451 209/453/453 208/464/464
f 207/451/451 217/465/465 213/456/456
f 207/451/451 208/464/464 217/465/465
f 213/456/456 217/465/465 288/463/463
f 209/453/453 335/462/462 208/464/464
f 217/465/465 293/466/466 288/463/463
f 217/465/465 208/464/464 287/467/467
f 217/465/465 287/467/467 293/466/466
f 335/462/462 334/468/468 208/464/464
f 287/467/467 294/469/469 293/466/466
f 287/467/467 208/464/464 285/470/470
f 287/467/467 284/471/471 294/469/469
f 287/467/467 285/470/470 284/471/471
f 208/464/464 334/468/468 285/470/470
f 284/471/471 285/470/470 286/472/472
f 334/468/468 331/473/473 285/470/470
f 285/470/470 331/473/473 286/472/472
f 331/473/473 332/474/474 286/472/472
f 210/475/475 211/476/476 212/477/477
f 210/475/475 329/478/478 211/476/476
f 210/475/475 212/477/477 292/479/479
f 210/475/475 216/480/480 329/478/478
f 210/475/475 292/479/479 295/481/481
f 210/475/475 215/482/482 216/480/480
f 210/475/475 295/481/481 215/482/482
f 211/476/476 329/478/478 324/483/483
f 216/480/480 330/484/484 329/478/478
f 295/481/481 296/485/485 215/482/482
f 324/483/483 329/478/478 325/486/486
f 324/483/483 325/486/486 326/487/487
f 325/486/486 329/478/478 330/484/484
f 224/488/488 225/489/489 223/490/490
f 224/488/488 313/491/491 225/489/489
f 224/488/488 223/490/490 232/492/492
f 224/488/488 317/493/493 313/491/491
f 224/488/488 232/492/492 233/494/494
f 224/488/488 251/495/495 317/493/493
f 224/488/488 233/494/494 251/495/495
f 225/489/489 313/491/491 314/496/496
f 232/492/492 303/497/497 233/494/494
f 251/495/495 233/494/494 252/498/498
f 303/497/497 304/499/499 233/494/494
f 233/494/494 304/499/499 252/498/498
f 304/499/499 305/500/500 252/498/498
f 226/501/501 227/502/502 228/503/503
f 226/501/501 244/504/504 227/502/502
f 226/501/501 228/503/503 316/505/505
f 226/501/501 230/506/506 244/504/504
f 226/501/501 316/505/505 311/507/507
f 226/501/501 231/508/508 230/506/506
f 226/501/501 311/507/507 231/508/508
f 227/502/502 234/509/509 228/503/503
f 227/502/502 244/504/504 246/510/510
f 227/502/502 235/511/511 234/509/509
f 227/502/502 246/510/510 235/511/511
f 316/505/505 228/503/503 315/512/512
f 230/506/506 231/508/508 229/513/513
f 230/506/506 245/514/514 244/504/504
f 230/506/506 229/513/513 261/515/515
f 230/506/506 261/515/515 245/514/514
f 244/504/504 245/514/514 246/510/510
f 311/507/507 309/516/516 231/508/508
f 231/508/508 309/516/516 229/513/513
f 234/509/509 235/511/511 236/517/517
f 234/509/509 247/518/518 228/503/503
f 228/503/503 247/518/518 315/512/512
f 261/515/515 300/519/519 245/514/514
f 261/515/515 229/513/513 277/520/520
f 261/515/515 307/521/521 300/519/519
f 261/515/515 277/520/520 307/521/521
f 246/510/510 302/522/522 235/511/511
f 246/510/510 245/514/514 301/523/523
f 246/510/510 301/523/523 302/522/522
f 301/523/523 245/514/514 300/519/519
f 235/511/511 302/522/522 236/517/517
f 309/516/516 310/524/524 229/513/513
f 277/520/520 306/525/525 307/521/521
f 277/520/520 229/513/513 275/526/526
f 277/520/520 276/527/527 306/525/525
f 277/520/520 275/526/526 276/527/527
f 229/513/513 310/524/524 275/526/526
f 302/522/522 308/528/528 236/517/517
f 276/527/527 275/526/526 318/529/529
f 310/524/524 312/530/530 275/526/526
f 275/526/526 312/530/530 318/529/529
f 312/530/530 319/531/531 318/529/529
f 440/532/532 441/533/533 439/534/534
f 440/532/532 447/535/535 441/533/533
f 440/532/532 439/534/534 445/536/536
f 440/532/532 448/537/537 447/535/535
f 440/532/532 445/536/536 446/538/538
f 440/532/532 682/539/539 448/537/537
f 440/532/532 446/538/538 682/539/539
f 441/533/533 447/535/535 489/540/540
f 448/537/537 443/541/541 447/535/535
f 446/538/538 685/542/542 682/539/539
f 489/540/540 447/535/535 450/543/543
f 443/541/541 449/544/544 447/535/535
f 443/541/541 442/545/545 449/544/544
f 443/541/541 444/546/546 442/545/545
f 443/541/541 687/547/547 444/546/546
f 443/541/541 688/548/548 687/547/547
f 449/544/544 450/543/543 447/535/535
f 685/542/542 679/549/549 682/539/539
f 685/542/542 677/550/550 679/549/549
f 444/546/546 687/547/547 686/551/551
f 688/548/548 678/552/552 687/547/547
f 679/549/549 677/550/550 678/552/552
f 686/551/551 687/547/547 437/553/553
f 686/551/551 437/553/553 436/554/554
f 678/552/552 677/550/550 437/553/553
f 678/552/552 437/553/553 687/547/547
f 436/554/554 437/553/553 438/555/555
f 438/555/555 437/553/553 677/550/550
f 539/556/556 540/557/557 541/558/558
f 539/556/556 548/559/559 540/557/557
f 539/556/556 541/558/558 583/560/560
f 539/556/556 577/561/561 548/559/559
f 539/556/556 583/560/560 585/562/562
f 539/556/556 578/563/563 577/561/561
f 539/556/556 585/562/562 578/563/563
f 540/557/557 542/564/564 541/558/558
f 540/557/557 548/559/559 549/565/565
f 540/557/557 549/565/565 542/564/564
f 583/560/560 584/566/566 585/562/562
f 583/560/560 541/558/558 655/567/567
f 583/560/560 656/568/568 584/566/566
f 583/560/560 655/567/567 656/568/568
f 577/561/561 578/563/563 619/569/569
f 577/561/561 618/570/570 548/559/559
f 577/561/561 619/569/569 618/570/570
f 549/565/565 552/571/571 542/564/564
f 549/565/565 548/559/559 617/572/572
f 549/565/565 616/573/573 552/571/571
f 549/565/565 617/572/572 616/573/573
f 617/572/572 548/559/559 618/570/570
f 541/558/558 661/574/574 655/567/567
f 541/558/558 542/564/564 544/575/575
f 541/558/558 544/575/575 661/574/574
f 578/563/563 695/576/576 619/569/569
f 552/571/571 616/573/573 621/577/577
f 552/571/571 543/578/578 542/564/564
f 552/571/571 621/577/577 615/579/579
f 552/571/571 615/579/579 543/578/578
f 542/564/564 543/578/578 544/575/575
f 661/574/574 544/575/575 663/580/580
f 544/575/575 543/578/578 663/580/580
f 621/577/577 622/581/581 615/579/579
f 543/578/578 662/582/582 663/580/580
f 543/578/578 615/579/579 614/583/583
f 543/578/578 614/583/583 662/582/582
f 622/581/581 612/584/584 615/579/579
f 615/579/579 612/584/584 614/583/583
f 662/582/582 614/583/583 660/585/585
f 612/584/584 613/586/586 614/583/583
f 614/583/583 613/586/586 660/585/585
f 613/586/586 659/587/587 660/585/585
f 545/588/588 546/589/589 547/590/590
f 545/588/588 620/591/591 546/589/589
f 545/588/588 547/590/590 657/592/592
f 545/588/588 624/593/593 620/591/591
f 545/588/588 657/592/592 551/594/594
f 545/588/588 550/595/595 624/593/593
f 545/588/588 551/594/594 550/595/595
f 547/590/590 652/596/596 657/592/592
f 624/593/593 550/595/595 623/597/597
f 551/594/594 657/592/592 658/598/598
f 652/596/596 654/599/599 657/592/592
f 652/596/596 653/600/600 654/599/599
f 654/599/599 658/598/598 657/592/592
f 560/601/601 558/602/602 559/603/603
f 560/601/601 568/604/604 558/602/602
f 560/601/601 559/603/603 642/605/605
f 560/601/601 567/606/606 568/604/604
f 560/601/601 642/605/605 645/607/607
f 560/601/601 586/608/608 567/606/606
f 560/601/601 645/607/607 586/608/608
f 559/603/603 641/609/609 642/605/605
f 568/604/604 567/606/606 632/610/610
f 586/608/608 587/611/611 567/606/606
f 632/610/610 567/606/606 631/612/612
f 567/606/606 587/611/611 631/612/612
f 587/611/611 633/613/613 631/612/612
f 561/614/614 562/615/615 563/616/616
f 561/614/614 643/617/617 562/615/615
f 561/614/614 563/616/616 579/618/618
f 561/614/614 639/619/619 643/617/617
f 561/614/614 579/618/618 566/620/620
f 561/614/614 565/621/621 639/619/619
f 561/614/614 566/620/620 565/621/621
f 562/615/615 569/622/622 563/616/616
f 562/615/615 643/617/617 644/623/623
f 562/615/615 582/624/624 569/622/622
f 562/615/615 644/623/623 582/624/624
f 579/618/618 581/625/625 566/620/620
f 579/618/618 563/616/616 580/626/626
f 579/618/618 580/626/626 581/625/625
f 639/619/619 565/621/621 638/627/627
f 569/622/622 571/628/628 563/616/616
f 569/622/622 570/629/629 571/628/628
f 563/616/616 571/628/628 580/626/626
f 566/620/620 581/625/625 595/630/630
f 566/620/620 564/631/631 565/621/621
f 566/620/620 595/630/630 564/631/631
f 565/621/621 564/631/631 638/627/627
f 570/629/629 630/632/632 571/628/628
f 570/629/629 636/633/633 630/632/632
f 571/628/628 630/632/632 580/626/626
f 581/625/625 629/634/634 595/630/630
f 581/625/625 580/626/626 628/635/635
f 581/625/625 628/635/635 629/634/634
f 628/635/635 580/626/626 630/632/632
f 564/631/631 637/636/636 638/627/627
f 564/631/631 595/630/630 606/637/637
f 564/631/631 605/638/638 637/636/636
f 564/631/631 606/637/637 605/638/638
f 629/634/634 634/639/639 595/630/630
f 595/630/630 634/639/639 606/637/637
f 637/636/636 605/638/638 640/640/640
f 634/639/639 635/641/641 606/637/637
f 605/638/638 646/642/642 640/640/640
f 605/638/638 606/637/637 607/643/643
f 605/638/638 607/643/643 646/642/642
f 607/643/643 606/637/637 635/641/641
f 640/640/640 646/642/642 647/644/644
f 57/645/645 58/646/646 59/647/647
f 57/645/645 361/648/648 58/646/646
f 57/645/645 59/647/647 419/649/649
f 57/645/645 419/649/649 684/650/650
f 60/651/651 61/652/652 62/653/653
f 60/651/651 369/654/654 61/652/652
f 60/651/651 421/655/655 369/654/654
f 60/651/651 420/656/656 421/655/655
f 62/653/653 61/652/652 74/657/657
f 62/653/653 74/657/657 63/658/658
f 420/656/656 433/659/659 421/655/655
f 420/656/656 422/660/660 433/659/659
f 74/657/657 64/661/661 63/658/658
f 422/660/660 424/662/662 433/659/659
f 422/660/660 423/663/663 424/662/662
f 64/661/661 65/664/664 63/658/658
f 237/665/665 238/666/666 239/667/666
f 237/665/665 374/668/667 238/666/666
f 237/665/665 240/669/668 374/668/667
f 237/665/665 241/670/669 240/669/668
f 239/667/666 238/666/666 339/671/666
f 238/666/666 379/672/666 339/671/666
f 572/673/670 573/674/671 574/675/671
f 572/673/670 574/675/671 692/676/672
f 572/673/670 692/676/672 575/677/673
f 572/673/670 575/677/673 576/678/674
f 573/674/671 667/679/671 574/675/671
f 667/679/671 696/680/671 574/675/671
f 218/681/675 219/682/676 220/683/677
f 218/681/675 337/684/675 219/682/676
f 218/681/675 338/685/675 337/684/675
f 220/683/677 219/682/676 221/686/678
f 220/683/677 221/686/678 222/687/679
f 338/685/675 336/688/675 337/684/675
f 553/689/680 554/690/681 555/691/682
f 553/689/680 555/691/682 666/692/680
f 553/689/680 666/692/680 665/693/680
f 554/690/681 557/694/683 555/691/682
f 554/690/681 556/695/684 557/694/683
f 666/692/680 664/696/680 665/693/680
o mizugorou1_1_0_node_mizugorou1_1_0
v 0.077746 0.388051 0.775462
v -0.059383 0.507436 0.845474
v 0.002173 0.345895 0.773069
v -0.157798 0.483900 0.838958
v 0.035272 0.528577 0.838241
v -0.085077 0.307871 0.761533
v -0.377717 0.282187 0.560780
v -0.317734 0.271539 0.622283
v -0.395146 0.429394 0.687215
v -0.325942 0.444820 0.759703
v -0.451187 0.415508 0.608948
v -0.245875 0.270495 0.685742
vt 1.136410 0.937277
vt 1.114570 0.519299
vt 1.205540 0.525721
vt 1.032030 0.983605
vt 1.234890 0.878479
vt 1.013790 0.523896
vt 1.114570 0.519299
vt 1.136410 0.937277
vt 1.205540 0.525721
vt 1.032030 0.983605
vt 1.013790 0.523896
vt 1.234890 0.878479
vn 0.0905 -0.3812 0.9200
vn 0.1000 -0.3719 0.9228
vn 0.1618 -0.3542 0.9210
vn 0.0381 -0.3942 0.9182
vn 0.1516 -0.3646 0.9187
vn 0.0464 -0.3860 0.9213
vn -0.6030 -0.5353 0.5914
vn -0.5921 -0.5398 0.5983
vn -0.6431 -0.5413 0.5416
vn -0.5563 -0.5323 0.6381
vn -0.5662 -0.5284 0.6325
vn -0.6319 -0.5467 0.5494
usemtl eye_mat_32
s 1
f 698/697/685 699/698/686 697/699/687
f 698/697/685 700/700/688 699/698/686
f 698/697/685 697/699/687 701/701/689
f 700/700/688 702/702/690 699/698/686
f 704/703/691 705/704/692 703/705/693
f 704/703/691 706/706/694 705/704/692
f 704/703/691 708/707/695 706/706/694
f 703/705/693 705/704/692 707/708/696
o mizugorou1_2_0_node_mizugorou1_2_0
v 0.179196 0.324730 0.514104
v 0.276049 0.401647 0.447764
v 0.239238 0.365259 0.544453
v 0.095630 0.322771 0.710115
v 0.135150 0.307228 0.627493
v 0.176521 0.390954 0.698610
v -0.013093 0.233840 0.427635
v 0.130809 0.326071 0.366372
v 0.092732 0.278733 0.474622
v 0.040168 0.251586 0.607419
v -0.072213 0.203230 0.568158
v 0.213151 0.368023 0.412356
v 0.027927 0.284916 0.315421
v 0.206801 0.363782 0.625752
v -0.003826 0.262364 0.699105
v -0.120616 0.212254 0.666400
v -0.219132 0.232147 0.326354
v -0.290365 0.242162 0.294825
v -0.253076 0.278662 0.198362
v -0.315812 0.227139 0.516183
v -0.378028 0.262060 0.437224
v -0.271534 0.212702 0.435803
v -0.124174 0.228318 0.372384
v -0.083050 0.276363 0.265570
v -0.182568 0.199815 0.502433
v -0.179000 0.276876 0.227516
v -0.331487 0.238668 0.372034
v -0.229268 0.209965 0.592845
vt -0.985373 0.674239
vt -0.907664 0.522339
vt -0.909001 0.667089
vt -0.985373 0.523707
vt -0.907006 0.835997
vt -0.907664 0.522339
vt -0.985373 0.855393
vt -0.909001 0.667089
vt -0.907006 0.835997
vt -0.842494 0.525878
vt -0.902501 0.955169
vt -0.840362 0.802995
vt -0.832126 0.910226
vt -0.842494 0.525878
vt -0.902501 0.955169
vt -0.840362 0.802995
vt -0.832126 0.910226
vt -0.843643 0.660600
vt -0.792628 0.528707
vt -0.985373 0.982655
vt -0.772627 0.852192
vt -0.843643 0.660600
vt -0.792628 0.528707
vt -0.772627 0.852192
vt -0.794942 0.656551
vt -0.788957 0.758582
vt -0.794942 0.656551
vt -0.788957 0.758582
vn 0.3041 -0.9346 -0.1843
vn 0.4920 -0.8473 -0.1997
vn 0.4683 -0.8780 -0.0981
vn 0.3417 -0.8962 -0.2830
vn 0.4183 -0.8952 0.1535
vn 0.1771 -0.9205 -0.3482
vn 0.2055 -0.9776 0.0462
vn 0.1267 -0.9575 -0.2591
vn -0.0245 -0.9982 -0.0552
vn 0.5311 -0.8289 -0.1755
vn 0.3828 -0.8797 0.2822
vn 0.5356 -0.8065 0.2504
vn 0.5178 -0.7682 0.3765
vn 0.1303 -0.9220 -0.3645
vn -0.1051 -0.9931 0.0522
vn -0.1950 -0.9763 -0.0940
vn -0.2920 -0.9564 -0.0052
vn 0.5295 -0.8478 -0.0280
vn 0.5566 -0.8193 -0.1374
vn 0.1497 -0.9751 0.1633
vn 0.5843 -0.6734 0.4529
vn 0.0292 -0.9641 -0.2638
vn 0.0843 -0.9291 -0.3600
vn -0.4206 -0.9070 -0.0208
vn 0.5418 -0.8391 0.0486
vn 0.5710 -0.7659 0.2955
vn -0.0376 -0.9738 -0.2244
vn -0.2631 -0.9598 -0.0976
usemtl mouth_mat_23
s 1
f 715/709/697 716/710/698 717/711/699
f 715/709/697 721/712/700 716/710/698
f 715/709/697 717/711/699 718/713/701
f 715/709/697 732/714/702 721/712/700
f 715/709/697 718/713/701 719/715/703
f 715/709/697 731/716/704 732/714/702
f 715/709/697 719/715/703 733/717/705
f 715/709/697 733/717/705 731/716/704
f 716/710/698 720/718/706 717/711/699
f 718/713/701 723/719/707 719/715/703
f 718/713/701 717/711/699 713/720/708
f 718/713/701 712/721/709 723/719/707
f 718/713/701 713/720/708 712/721/709
f 732/714/702 731/716/704 734/722/710
f 733/717/705 719/715/703 736/723/711
f 733/717/705 730/724/712 731/716/704
f 733/717/705 736/723/711 728/725/713
f 733/717/705 728/725/713 730/724/712
f 720/718/706 709/726/714 717/711/699
f 720/718/706 710/727/715 709/726/714
f 717/711/699 709/726/714 713/720/708
f 723/719/707 724/728/716 719/715/703
f 719/715/703 724/728/716 736/723/711
f 712/721/709 713/720/708 714/729/717
f 734/722/710 731/716/704 725/730/718
f 734/722/710 725/730/718 727/731/719
f 731/716/704 730/724/712 725/730/718
f 728/725/713 729/732/720 730/724/712
f 710/727/715 711/733/721 709/726/714
f 713/720/708 722/734/722 714/729/717
f 713/720/708 709/726/714 722/734/722
f 722/734/722 709/726/714 711/733/721
f 727/731/719 725/730/718 726/735/723
f 729/732/720 735/736/724 730/724/712
f 735/736/724 725/730/718 730/724/712
f 735/736/724 726/735/723 725/730/718
o mizugorou1_3_0_node_mizugorou1_3_0
v 0.187333 0.046883 0.462344
v 0.169433 -0.033356 0.494255
v 0.119381 -0.037751 0.414583
v 0.209302 0.111040 0.565486
v 0.257750 -0.067873 0.598860
v -0.046436 0.167534 0.384708
v 0.087027 0.160436 0.482670
v 0.169433 -0.033356 0.494255
v 0.166345 0.025944 0.510524
v 0.119381 -0.037751 0.414583
v -0.046436 0.167534 0.384708
v 0.257750 -0.067873 0.598860
v 0.209302 0.111040 0.565486
v 0.087027 0.160436 0.482670
v -0.318515 -0.026463 0.458626
v -0.299249 0.050456 0.479567
v -0.422443 -0.069615 0.554432
v -0.214174 0.179309 0.450928
v -0.051918 0.162477 0.395878
v -0.325807 0.041060 0.441293
v -0.318515 -0.026463 0.458626
v -0.422443 -0.069615 0.554432
v -0.378440 0.135449 0.516924
v -0.214174 0.179309 0.450928
v -0.051918 0.162477 0.395878
v -0.224350 -0.027059 0.402721
v -0.378440 0.135449 0.516924
v -0.224350 -0.027059 0.402721
v 0.083632 0.161290 0.386436
v 0.135802 0.178304 0.363149
v 0.083980 0.215076 0.366227
v 0.138358 0.226112 0.349509
v 0.171664 0.217598 0.287612
v 0.072613 0.123819 0.377883
v 0.127924 0.141432 0.356288
v 0.072613 0.123819 0.377883
v 0.083980 0.215076 0.366227
v 0.127924 0.141432 0.356288
v 0.138358 0.226112 0.349509
v 0.171664 0.217598 0.287612
v 0.171664 0.217598 0.287612
v -0.205795 0.145790 0.326111
v -0.233823 0.234547 0.260979
v -0.206188 0.243684 0.321338
v -0.212560 0.191870 0.331241
v -0.205795 0.145790 0.326111
v -0.168453 0.166376 0.374165
v -0.163261 0.129313 0.365093
v -0.162558 0.220910 0.353360
v -0.206188 0.243684 0.321338
v -0.162558 0.220910 0.353360
v -0.163261 0.129313 0.365093
v -0.233823 0.234547 0.260979
v -0.233823 0.234547 0.260979
v -0.101865 0.143893 0.426798
v -0.082732 0.151206 0.389527
v -0.096894 0.100793 0.398858
v -0.092879 0.120995 0.379329
v -0.091749 0.202327 0.372351
v -0.097434 0.186027 0.412365
v -0.091749 0.202327 0.372351
v -0.092879 0.120995 0.379329
v -0.075762 0.207121 0.372750
v -0.080413 0.190080 0.414180
v -0.083696 0.143178 0.435204
v -0.080185 0.090939 0.401472
v -0.077115 0.113020 0.381534
v -0.000018 0.118660 0.383413
v -0.007832 0.149562 0.392212
v 0.000791 0.098479 0.403271
v 0.006052 0.141562 0.430784
v 0.005319 0.199825 0.376275
v 0.005174 0.183393 0.416566
v -0.000018 0.118660 0.383413
v 0.005319 0.199825 0.376275
v -0.018699 0.089522 0.404538
v -0.015777 0.141735 0.438150
v -0.015832 0.188488 0.417188
v -0.083696 0.143178 0.435204
v -0.080185 0.090939 0.401472
v -0.051378 0.142949 0.442028
v -0.050287 0.086049 0.404031
v -0.080413 0.190080 0.414180
v -0.049739 0.190377 0.415078
v -0.018666 0.111603 0.384394
v -0.014666 0.205608 0.375568
v -0.048746 0.107872 0.384034
v -0.046940 0.206745 0.374919
v -0.018666 0.111603 0.384394
v -0.048746 0.107872 0.384034
v -0.014666 0.205608 0.375568
v -0.046940 0.206745 0.374919
v -0.077115 0.113020 0.381534
v -0.048746 0.107872 0.384034
v -0.075762 0.207121 0.372750
v -0.046940 0.206745 0.374919
v -0.015832 0.188488 0.417188
v -0.015777 0.141735 0.438150
v -0.018699 0.089522 0.404538
vt 0.656250 0.734086
vt 0.809132 0.559929
vt 0.809132 0.647105
vt 0.656250 0.484086
vt 0.809132 0.910651
vt 0.453125 0.484086
vt 0.656250 0.984086
vt 0.453125 0.734086
vt 0.871734 0.647105
vt 0.831143 0.484086
vt 0.871734 0.559929
vt 0.250000 0.484086
vt 0.871734 0.910651
vt 0.453125 0.984086
vt 0.831143 0.984072
vt 0.977149 0.484086
vt 0.871734 0.559929
vt 0.250000 0.734086
vt 0.031250 0.734086
vt 0.871734 0.910651
vt 0.977149 0.910651
vt 0.977149 0.984086
vt 0.977149 0.559929
vt 0.871734 0.559929
vt 0.831143 0.484086
vt 0.250000 0.984086
vt 0.871734 0.647105
vt 0.831143 0.984072
vt 0.977149 0.647105
vt 0.809132 0.559929
vt 0.871734 0.559929
vt 0.656250 0.484086
vt 0.031250 0.734086
vt 0.871734 0.910651
vt 0.871734 0.910651
vt 0.656250 0.984086
vt 0.871734 0.647105
vt 0.871734 0.647105
vt 0.656250 0.734086
vt 0.453125 0.484086
vt 0.809132 0.910651
vt 0.809132 0.647105
vt 0.453125 0.734086
vt 0.250000 0.484086
vt 0.250000 0.734086
vt 0.031250 0.734086
vt 0.453125 0.984086
vt 0.250000 0.984086
vt 0.031250 0.734086
vt 0.404127 0.222233
vt 0.347100 0.096996
vt 0.500004 0.126356
vt 0.201630 0.019737
vt 0.609052 0.427159
vt 0.308249 0.318111
vt 0.462961 0.399020
vt 0.779435 0.222412
vt 0.875249 0.126598
vt 0.722445 0.097257
vt 0.984225 0.427203
vt 0.577071 0.020049
vt 0.838230 0.399082
vt 0.683620 0.318227
vt 0.404878 0.222412
vt 0.202515 0.020049
vt 0.347889 0.097257
vt 0.309064 0.318227
vt 0.500693 0.126598
vt 0.463674 0.399082
vt 0.609669 0.427203
vt 0.780697 0.222233
vt 0.723670 0.096996
vt 0.578200 0.019737
vt 0.876574 0.126356
vt 0.684820 0.318111
vt 0.985623 0.427159
vt 0.839531 0.399020
vt 0.112289 0.199767
vt 0.098954 0.193763
vt 0.112289 0.193763
vt 0.098954 0.199767
vt 0.098993 0.201928
vt 0.098954 0.205770
vt 0.112285 0.201894
vt 0.098954 0.181755
vt 0.112289 0.181755
vt 0.112289 0.205770
vt 0.112289 0.169748
vt 0.112289 0.019654
vt 0.098954 0.025658
vt 0.098954 0.019654
vt 0.112289 0.025658
vt 0.099503 0.017225
vt 0.098954 0.013651
vt 0.112797 0.017268
vt 0.098954 0.037666
vt 0.112289 0.037666
vt 0.112289 0.013651
vt 0.112289 0.049673
vn -0.9443 0.0130 0.3287
vn -0.8000 -0.5976 -0.0534
vn -0.8849 -0.0580 0.4622
vn -0.9095 -0.2375 0.3411
vn -0.8091 0.4556 0.3711
vn -0.4468 -0.2692 0.8531
vn -0.4604 0.5880 0.6650
vn -0.4480 0.0301 0.8935
vn -0.4037 -0.0974 0.9097
vn -0.1588 -0.6559 -0.7379
vn -0.5078 -0.8615 -0.0019
vn -0.8178 -0.2007 0.5394
vn -0.2465 0.7386 0.6274
vn -0.3846 0.3293 0.8624
vn -0.1397 0.9215 0.3624
vn 0.0190 -0.6731 -0.7393
vn -0.1761 -0.9802 0.0901
vn -0.8324 0.0344 0.5530
vn -0.9674 -0.1635 0.1934
vn -0.0275 0.7066 0.7071
vn -0.0269 0.7462 0.6652
vn 0.0045 0.9259 0.3777
vn -0.0298 -0.9958 0.0863
vn 0.1159 -0.9872 0.1090
vn 0.1712 -0.6717 -0.7207
vn -0.7657 0.2103 0.6078
vn -0.1781 -0.0478 0.9828
vn 0.1323 0.9156 0.3796
vn -0.0650 -0.0400 0.9971
vn 0.7439 -0.6677 0.0245
vn 0.4200 -0.9058 0.0562
vn 0.8616 -0.3223 0.3921
vn -0.9038 0.1849 0.3858
vn 0.0277 0.7282 0.6848
vn 0.1978 0.7231 0.6618
vn 0.3930 0.5638 0.7264
vn 0.1051 -0.0821 0.9911
vn 0.2936 -0.1080 0.9498
vn 0.8961 -0.0443 0.4416
vn 0.2213 -0.2789 0.9344
vn 0.7779 0.4275 0.4606
vn 0.8275 -0.1032 0.5518
vn 0.2475 0.0109 0.9688
vn 0.6328 -0.2867 0.7193
vn 0.6842 -0.0235 0.7289
vn 0.9183 -0.2528 0.3045
vn 0.1776 0.3229 0.9296
vn 0.6667 0.1713 0.7253
vn 0.8822 0.0849 0.4630
vn 0.7323 0.1693 -0.6596
vn 0.7047 -0.3923 -0.5911
vn 0.5890 -0.0170 -0.8079
vn 0.8696 -0.0506 -0.4911
vn 0.4685 0.4014 -0.7870
vn 0.8051 0.4112 -0.4273
vn 0.5344 0.5818 -0.6130
vn -0.7123 -0.2141 0.6684
vn -0.7052 -0.3808 0.5980
vn -0.8053 -0.1955 0.5596
vn -0.6285 -0.3110 0.7129
vn -0.7519 -0.1228 0.6477
vn -0.5917 -0.1865 0.7842
vn -0.6627 -0.1405 0.7356
vn 0.4820 -0.1662 0.8602
vn 0.5947 -0.1140 0.7958
vn 0.6128 -0.3468 0.7100
vn 0.4322 0.0064 0.9017
vn 0.4554 -0.3650 0.8120
vn 0.3374 -0.0135 0.9413
vn 0.3905 -0.1892 0.9009
vn -0.5359 0.0739 -0.8410
vn -0.5506 -0.2628 -0.7923
vn -0.7313 -0.0562 -0.6797
vn -0.3117 0.0722 -0.9474
vn -0.6211 0.2491 -0.7431
vn -0.2625 0.2429 -0.9338
vn -0.3218 0.3219 -0.8904
vn 0.1346 -0.1027 -0.9855
vn 0.4030 -0.1065 -0.9090
vn 0.4660 -0.0863 -0.8805
vn 0.1338 -0.0866 -0.9872
vn 0.0790 -0.0891 -0.9929
vn 0.0697 -0.0918 -0.9933
vn 0.0630 -0.0958 -0.9934
vn 0.7125 -0.0656 -0.6986
vn 0.7926 -0.0265 -0.6092
vn 0.0735 -0.0929 -0.9930
vn 0.9100 -0.0165 -0.4141
vn -0.0412 -0.0955 -0.9946
vn -0.1867 -0.0903 -0.9782
vn -0.0406 -0.0849 -0.9955
vn -0.2281 -0.0780 -0.9705
vn 0.0098 -0.0943 -0.9955
vn 0.0204 -0.0956 -0.9952
vn 0.0126 -0.0906 -0.9958
vn -0.4893 -0.0323 -0.8715
vn -0.6656 0.0223 -0.7460
vn 0.0168 -0.0921 -0.9956
vn -0.8745 0.0693 -0.4801
usemtl PG_scarf_mat_13
s 1
f 792/737/725 793/738/726 791/739/727
f 792/737/725 794/740/728 793/738/726
f 792/737/725 791/739/727 796/741/729
f 792/737/725 784/742/730 794/740/728
f 792/737/725 796/741/729 795/743/731
f 792/737/725 783/744/732 784/742/730
f 792/737/725 795/743/731 783/744/732
f 793/738/726 801/745/733 791/739/727
f 793/738/726 794/740/728 803/746/734
f 793/738/726 802/747/735 801/745/733
f 793/738/726 803/746/734 802/747/735
f 791/739/727 801/745/733 796/741/729
f 784/742/730 783/744/732 782/748/736
f 795/743/731 796/741/729 800/749/737
f 795/743/731 785/750/738 783/744/732
f 795/743/731 800/749/737 799/751/739
f 800/749/737 796/741/729 801/745/733
f 803/746/734 823/752/740 816/753/741
f 782/748/736 783/744/732 781/754/742
f 782/748/736 781/754/742 790/755/743
f 783/744/732 785/750/738 781/754/742
f 799/751/739 819/756/744 820/757/745
f 799/751/739 820/757/745 824/758/746
f 823/752/740 818/759/747 816/753/741
f 823/752/740 835/760/748 818/759/747
f 823/752/740 821/761/749 835/760/748
f 785/750/738 786/762/750 781/754/742
f 819/756/744 815/763/751 820/757/745
f 824/758/746 820/757/745 822/764/752
f 816/753/741 818/759/747 817/765/753
f 816/753/741 817/765/753 815/763/751
f 815/763/751 817/765/753 820/757/745
f 818/759/747 835/760/748 817/765/753
f 821/761/749 806/766/754 812/767/755
f 821/761/749 804/768/756 806/766/754
f 786/762/750 789/769/757 781/754/742
f 822/764/752 820/757/745 833/770/758
f 822/764/752 814/771/759 808/772/760
f 820/757/745 817/765/753 833/770/758
f 835/760/748 834/773/761 817/765/753
f 817/765/753 834/773/761 833/770/758
f 812/767/755 806/766/754 813/774/762
f 804/768/756 805/775/763 806/766/754
f 804/768/756 770/776/764 805/775/763
f 814/771/759 809/777/765 808/772/760
f 814/771/759 813/774/762 809/777/765
f 806/766/754 805/775/763 807/778/766
f 806/766/754 807/778/766 813/774/762
f 809/777/765 805/775/763 808/772/760
f 809/777/765 807/778/766 805/775/763
f 809/777/765 813/774/762 807/778/766
f 770/776/764 765/779/767 805/775/763
f 770/776/764 771/780/768 765/779/767
f 805/775/763 765/779/767 808/772/760
f 771/780/768 766/781/769 765/779/767
f 771/780/768 777/782/770 766/781/769
f 808/772/760 765/779/767 767/783/771
f 765/779/767 766/781/769 767/783/771
f 766/781/769 768/784/772 767/783/771
f 766/781/769 769/785/773 768/784/772
f 737/786/774 738/787/775 739/788/776
f 737/786/774 741/789/777 738/787/775
f 737/786/774 739/788/776 742/790/778
f 737/786/774 740/791/779 741/789/777
f 737/786/774 742/790/778 743/792/780
f 737/786/774 743/792/780 740/791/779
f 745/793/781 746/794/782 744/795/783
f 745/793/781 747/796/784 746/794/782
f 745/793/781 744/795/783 748/797/785
f 745/793/781 750/798/786 747/796/784
f 745/793/781 748/797/785 749/799/787
f 745/793/781 749/799/787 750/798/786
f 752/800/788 753/801/789 751/802/790
f 752/800/788 763/803/791 753/801/789
f 752/800/788 751/802/790 762/804/792
f 752/800/788 754/805/793 763/803/791
f 752/800/788 762/804/792 755/806/794
f 752/800/788 755/806/794 754/805/793
f 756/807/795 757/808/796 758/809/797
f 756/807/795 764/810/798 757/808/796
f 756/807/795 758/809/797 759/811/799
f 756/807/795 761/812/800 764/810/798
f 756/807/795 759/811/799 760/813/801
f 756/807/795 760/813/801 761/812/800
f 797/814/802 788/815/803 787/816/804
f 797/814/802 798/817/805 788/815/803
f 797/814/802 829/818/806 798/817/805
f 797/814/802 830/819/807 829/818/806
f 797/814/802 831/820/808 830/819/807
f 787/816/804 788/815/803 778/821/809
f 787/816/804 778/821/809 780/822/810
f 831/820/808 832/823/811 830/819/807
f 778/821/809 779/824/812 780/822/810
f 811/825/813 772/826/814 810/827/815
f 811/825/813 773/828/816 772/826/814
f 811/825/813 810/827/815 825/829/817
f 811/825/813 825/829/817 826/830/818
f 811/825/813 826/830/818 827/831/819
f 773/828/816 774/832/820 772/826/814
f 773/828/816 775/833/821 774/832/820
f 826/830/818 828/834/822 827/831/819
f 775/833/821 776/835/823 774/832/820
