<?xml version="1.0"?>
<COLLADA xmlns:xsi="http://www.w3.org/2001/XMLSchema-instance" xmlns:xsd="http://www.w3.org/2001/XMLSchema" version="1.4.1" xmlns="http://www.collada.org/2005/11/COLLADASchema">
  <asset>
    <created>2021-01-16T20:07:07.1766873-07:00</created>
    <modified>2021-01-16T20:07:07.1766873-07:00</modified>
  </asset>
  <library_images>
    <image id="mizugorou_sc_00">
      <init_from>./mizugorou_sc_00.png</init_from>
    </image>
    <image id="mizugorou_bd_00">
      <init_from>./mizugorou_bd_00.png</init_from>
    </image>
    <image id="mizugorou_ey_00">
      <init_from>./mizugorou_ey_00.png</init_from>
    </image>
    <image id="mizugorou_mo_00">
      <init_from>./mizugorou_mo_00.png</init_from>
    </image>
  </library_images>
  <library_materials>
    <material id="PG_scarf_mat_id" name="PG_scarf_mat">
      <instance_effect url="#PG_scarf_eff_id" />
    </material>
    <material id="body_mat_id" name="body_mat">
      <instance_effect url="#body_eff_id" />
    </material>
    <material id="eye_mat_id" name="eye_mat">
      <instance_effect url="#eye_eff_id" />
    </material>
    <material id="mouth_mat_id" name="mouth_mat">
      <instance_effect url="#mouth_eff_id" />
    </material>
  </library_materials>
  <library_effects>
    <effect id="PG_scarf_eff_id" name="PG_scarf_eff">
      <profile_COMMON>
        <newparam sid="PG_scarf_surf">
          <surface type="2D">
            <init_from>mizugorou_sc_00</init_from>
            <format>PNG</format>
          </surface>
        </newparam>
        <newparam sid="PG_scarf_samp">
          <sampler2D>
            <source>PG_scarf_surf</source>
            <wrap_s>WRAP</wrap_s>
            <wrap_t>WRAP</wrap_t>
            <minfilter>LINEAR_MIPMAP_LINEAR</minfilter>
            <magfilter>LINEAR</magfilter>
            <mipfilter>LINEAR</mipfilter>
          </sampler2D>
        </newparam>
        <technique sid="PG_scarf_tech">
          <phong>
            <diffuse>
              <texture texture="PG_scarf_samp" texcoord="uv" />
            </diffuse>
          </phong>
        </technique>
      </profile_COMMON>
    </effect>
    <effect id="body_eff_id" name="body_eff">
      <profile_COMMON>
        <newparam sid="body_surf">
          <surface type="2D">
            <init_from>mizugorou_bd_00</init_from>
            <format>PNG</format>
          </surface>
        </newparam>
        <newparam sid="body_samp">
          <sampler2D>
            <source>body_surf</source>
            <wrap_s>WRAP</wrap_s>
            <wrap_t>WRAP</wrap_t>
            <minfilter>LINEAR_MIPMAP_LINEAR</minfilter>
            <magfilter>LINEAR</magfilter>
            <mipfilter>LINEAR</mipfilter>
          </sampler2D>
        </newparam>
        <technique sid="body_tech">
          <phong>
            <diffuse>
              <texture texture="body_samp" texcoord="uv" />
            </diffuse>
          </phong>
        </technique>
      </profile_COMMON>
    </effect>
    <effect id="eye_eff_id" name="eye_eff">
      <profile_COMMON>
        <newparam sid="eye_surf">
          <surface type="2D">
            <init_from>mizugorou_ey_00</init_from>
            <format>PNG</format>
          </surface>
        </newparam>
        <newparam sid="eye_samp">
          <sampler2D>
            <source>eye_surf</source>
            <wrap_s>WRAP</wrap_s>
            <wrap_t>WRAP</wrap_t>
            <minfilter>LINEAR_MIPMAP_LINEAR</minfilter>
            <magfilter>LINEAR</magfilter>
            <mipfilter>LINEAR</mipfilter>
          </sampler2D>
        </newparam>
        <technique sid="eye_tech">
          <phong>
            <diffuse>
              <texture texture="eye_samp" texcoord="uv" />
            </diffuse>
          </phong>
        </technique>
      </profile_COMMON>
    </effect>
    <effect id="mouth_eff_id" name="mouth_eff">
      <profile_COMMON>
        <newparam sid="mouth_surf">
          <surface type="2D">
            <init_from>mizugorou_mo_00</init_from>
            <format>PNG</format>
          </surface>
        </newparam>
        <newparam sid="mouth_samp">
          <sampler2D>
            <source>mouth_surf</source>
            <wrap_s>WRAP</wrap_s>
            <wrap_t>WRAP</wrap_t>
            <minfilter>LINEAR_MIPMAP_LINEAR</minfilter>
            <magfilter>LINEAR</magfilter>
            <mipfilter>LINEAR</mipfilter>
          </sampler2D>
        </newparam>
        <technique sid="mouth_tech">
          <phong>
            <diffuse>
              <texture texture="mouth_samp" texcoord="uv" />
            </diffuse>
          </phong>
        </technique>
      </profile_COMMON>
    </effect>
  </library_effects>
  <library_geometries>
    <geometry id="mizugorou_00_0_0_geo_id" name="mizugorou_00_0_0">
      <mesh>
        <source id="mizugorou_00_0_0_Position_id" name="mizugorou_00_0_0_Position">
          <float_array id="mizugorou_00_0_0_Position_array_id" count="2088">0.057855 0.0521564 -0.0278878 0.056724 0.0749229 -0.0364165 0.0577531 0.0515293 -0.00334366 0.0583394 0.0560495 -0.049411 0.0510917 0.0703321 -0.0582398 0.0239063 0.0275549 -0.0336441 0.0373781 0.0293539 -0.00121895 0.0255258 0.0258853 -0.000918733 0.0376693 0.0297668 -0.0218824 0.0487215 0.0366227 -0.0199719 0.0373781 0.0293539 -0.00121895 0.0491271 0.0372144 -0.00190966 0.0395258 0.0963006 -0.0448143 0.0319529 0.0829959 -0.0707036 0.0181252 0.0258412 -0.0336624 0.0376693 0.0297668 -0.0218824 0.024402 0.121837 -0.0137087 0.0445193 0.106411 -0.0106077 0.0212448 0.10836 -0.0475733 0.0167013 0.0902756 -0.0717976 0.0174752 0.0297203 0.0436373 0 0.0365413 0.0643275 0 0.0284563 0.044069 0.0186762 0.0247066 -0.000964561 0.024211 0.12888 0.0254576 0.0177511 0.038046 0.0642814 0 0.0522648 0.07747 0 0.0733779 0.0838052 0.0175047 0.0986954 0.0786786 0 0.0979514 0.0810558 0.0517717 0.0803983 0.0623901 0.0440973 0.112332 0.0287342 0.0395558 0.109343 0.0590891 0 0.0232002 -0.00128569 0 0.0236903 -0.0336673 0.0175494 0.0736177 0.0815458 0.0322415 0.100941 0.0733153 0 0.112637 -0.0485685 0 0.128959 -0.0149347 0 0.13623 0.024164 0 0.0928376 -0.0721216 0.0590357 0.0796387 -0.00682127 0.0599023 0.0834007 0.0320398 0.0322415 0.100941 0.0733153 0.0198499 0.122382 0.0581546 0.0180182 0.05305 0.0758469 0.0371564 0.0743736 0.0751488 0 0.129174 0.0581567 0.0371564 0.0743736 0.0751488 -0.024402 0.121837 -0.0137087 -0.0212448 0.10836 -0.0475733 -0.0445194 0.106411 -0.0106077 -0.0167012 0.0902756 -0.0717977 -0.0319528 0.0829959 -0.0707036 -0.0174752 0.0297203 0.0436373 -0.0181252 0.0258412 -0.0336625 -0.0186762 0.0247066 -0.00096456 -0.0255257 0.0258853 -0.000918732 -0.024211 0.12888 0.0254576 -0.0177511 0.038046 0.0642814 -0.0175047 0.0986954 0.0786786 -0.0517717 0.0803982 0.0623901 -0.0395559 0.109343 0.0590891 -0.0440973 0.112332 0.0287342 -0.0175494 0.0736177 0.0815458 -0.0322416 0.100941 0.0733153 -0.0590357 0.0796387 -0.00682127 -0.0599023 0.0834007 0.0320398 -0.056724 0.0749229 -0.0364166 -0.0395258 0.0963006 -0.0448144 -0.0322416 0.100941 0.0733153 -0.0198499 0.122382 0.0581546 -0.0180182 0.05305 0.0758469 -0.0371564 0.0743736 0.0751488 -0.0577531 0.0515293 -0.00334366 -0.0371564 0.0743736 0.0751488 0.0198803 0.0314694 -0.058853 0.0364172 0.0654583 -0.0730737 0.0457579 0.0516299 -0.0679032 0.0306561 0.0451249 -0.0725933 0.0230156 0.04239 -0.0717448 0.0279385 0.053079 -0.0753981 0.0156561 0.0309711 -0.0583621 0.0230156 0.04239 -0.0717448 0.0198803 0.0314694 -0.058853 0.0583394 0.0560495 -0.049411 0.0578978 0.0277824 -0.0325032 0.0601988 0.0302286 -0.0496681 0.057855 0.0521564 -0.0278878 0.0488062 0.022836 -0.0245862 0.0487215 0.0366227 -0.0199719 0.0375224 0.0200571 -0.0253393 0.0376693 0.0297668 -0.0218824 0.0246509 0.0192645 -0.0340186 0.0239063 0.0275549 -0.0336441 0.023935 0.0213512 -0.055958 0.0246509 0.0192645 -0.0340186 0.0457579 0.0516299 -0.0679032 0.0478437 0.0279302 -0.0661936 0.0306561 0.0451249 -0.0725933 0.0343791 0.0262239 -0.0676841 0.0198803 0.0314694 -0.058853 0.0306561 0.0451249 -0.0725933 0.0239063 0.0275549 -0.0336441 0.0343791 0.0262239 -0.0676841 0.0282503 0.0074122 -0.0350221 0.0483061 0.00775083 -0.0305885 0.0384395 0.00255903 -0.0602874 0.0564424 0.00747722 -0.0355264 0.037549 0.00775089 -0.0304037 0.0481499 0.00232383 -0.0603531 0.0384395 0.00255903 -0.0602874 0.0561907 0.0015804 -0.0503337 0.0302396 0.00158036 -0.0504939 0.0282503 0.0074122 -0.0350221 0.048608 0.00153425 -0.0282982 0.0553933 0.00153263 -0.0338188 0.0543372 5.80943E-06 -0.0347778 0.0315213 1.507E-06 -0.0494719 0.0550622 1.483E-06 -0.0495247 0.0388049 0.000705603 -0.0573512 0.0478586 0.000705595 -0.0573665 0.0375794 0.00153428 -0.0282293 0.0309301 0.00153269 -0.0336588 0.0309301 0.00153269 -0.0336588 0.0315213 1.507E-06 -0.0494719 0.0323155 5.84161E-06 -0.0346952 0.0323155 5.84161E-06 -0.0346952 0.0382252 7.29767E-06 -0.0297246 0.0388049 0.000705603 -0.0573512 0.0478586 0.000705595 -0.0573665 0.0388049 0.000705603 -0.0573512 0.0481804 7.28117E-06 -0.0297686 0.0550622 1.483E-06 -0.0495247 0.0543372 5.80943E-06 -0.0347778 0.0382252 7.29767E-06 -0.0297246 0.0323155 5.84161E-06 -0.0346952 0.0481804 7.28117E-06 -0.0297686 -0.057855 0.0521564 -0.0278879 -0.0510917 0.0703321 -0.0582399 -0.0583393 0.0560495 -0.0494111 -0.0239064 0.0275549 -0.0336441 -0.0373781 0.0293539 -0.00121895 -0.0376693 0.0297669 -0.0218825 -0.0373781 0.0293539 -0.00121895 -0.0487215 0.0366227 -0.019972 -0.0491271 0.0372144 -0.00190966 -0.0376693 0.0297669 -0.0218825 -0.0198803 0.0314694 -0.058853 -0.0364171 0.0654583 -0.0730738 -0.030656 0.0451249 -0.0725934 -0.0457578 0.0516299 -0.0679033 -0.0230155 0.04239 -0.0717449 -0.0279384 0.053079 -0.0753982 -0.0156561 0.0309711 -0.0583622 -0.0230155 0.04239 -0.0717449 -0.0198803 0.0314694 -0.058853 -0.0583393 0.0560495 -0.0494111 -0.0601988 0.0302273 -0.04967 -0.0578979 0.0277767 -0.0325057 -0.057855 0.0521564 -0.0278879 -0.0488062 0.0228283 -0.0245899 -0.0487215 0.0366227 -0.019972 -0.0375224 0.0200495 -0.0253437 -0.0376693 0.0297669 -0.0218825 -0.0246509 0.0192592 -0.0340233 -0.0239064 0.0275549 -0.0336441 -0.0246509 0.0192592 -0.0340233 -0.023935 0.0213515 -0.0559622 -0.0457578 0.0516299 -0.0679033 -0.030656 0.0451249 -0.0725934 -0.0478438 0.0279332 -0.066196 -0.0343791 0.0262273 -0.067687 -0.030656 0.0451249 -0.0725934 -0.0198803 0.0314694 -0.058853 -0.0239064 0.0275549 -0.0336441 -0.0343791 0.0262273 -0.067687 -0.0282503 0.00740645 -0.0350308 -0.0483062 0.0077438 -0.0305972 -0.0384395 0.0025607 -0.0602976 -0.0564424 0.00747164 -0.0355351 -0.037549 0.0077438 -0.0304124 -0.0384395 0.0025607 -0.0602976 -0.0481499 0.00232551 -0.0603633 -0.0561907 0.00157916 -0.0503442 -0.0302396 0.00157916 -0.0505044 -0.0282503 0.00740645 -0.0350308 -0.048608 0.00152655 -0.0283087 -0.0553933 0.00152655 -0.0338293 -0.0543372 0 -0.0347888 -0.0550623 0 -0.0495357 -0.0315214 0 -0.0494828 -0.0478587 0.000706408 -0.0573773 -0.038805 0.000706408 -0.057362 -0.0375795 0.00152655 -0.0282398 -0.0309302 0.00152654 -0.0336693 -0.0309302 0.00152654 -0.0336693 -0.0323155 0 -0.0347062 -0.0315214 0 -0.0494828 -0.0382253 0 -0.0297356 -0.0323155 0 -0.0347062 -0.038805 0.000706408 -0.057362 -0.038805 0.000706408 -0.057362 -0.0478587 0.000706408 -0.0573773 -0.0481804 0 -0.0297796 -0.0550623 0 -0.0495357 -0.0543372 0 -0.0347888 -0.0382253 0 -0.0297356 -0.0481804 0 -0.0297796 -0.0323155 0 -0.0347062 0 0.0192526 -0.1231 0.00527192 0.0522573 -0.0799396 0 0.0487107 -0.078884 0.00860101 0.05359 -0.14855 0.00553272 0.0948037 -0.09651 0.00578165 0.0708304 -0.0813711 0.0131312 0.0683239 -0.0800758 0.0123243 0.0791025 -0.0783736 0.0247013 0.06509 -0.0780959 0.00578165 0.0708304 -0.0813711 0 0.0821991 -0.0788679 0 0.0821991 -0.0788679 0.0239652 0.0784254 -0.0764228 0.00527192 0.0522573 -0.0799396 0.0138482 0.0518747 -0.078703 0 0.0753298 -0.0805157 0 0.0961247 -0.0926226 0.0123243 0.0791025 -0.0783736 0.0247013 0.06509 -0.0780959 0 0.0388994 -0.0718278 0.0144728 0.0401743 -0.0718578 0.0279385 0.053079 -0.0753981 0.00516442 0.0229881 -0.123263 0 0.0487107 -0.078884 0 0.0294429 -0.0573205 0 0.0753298 -0.0805157 -0.00527185 0.0522573 -0.0799396 -0.00860124 0.05359 -0.14855 -0.00578159 0.0708304 -0.0813711 -0.00553276 0.0948037 -0.0965099 -0.0131311 0.0683239 -0.0800759 -0.0247012 0.06509 -0.078096 -0.0123242 0.0791025 -0.0783737 -0.00578159 0.0708304 -0.0813711 -0.0239651 0.0784254 -0.0764229 -0.00527185 0.0522573 -0.0799396 -0.0138481 0.0518747 -0.078703 -0.0123242 0.0791025 -0.0783737 -0.0247012 0.06509 -0.078096 -0.0144727 0.0401743 -0.0718578 -0.0279384 0.053079 -0.0753982 -0.00516456 0.0229881 -0.123263 0 0.00681097 -0.161824 0.00430496 0.0108456 -0.17744 0.00465445 0.00999051 -0.16239 0 0.017909 -0.195893 0 0.00698825 -0.179757 0 0.191375 -0.202317 0.00368852 0.189415 -0.218394 0 0.196128 -0.223048 0.00328219 0.188043 -0.233996 0 0.194453 -0.23851 0 0.0443055 -0.214712 0.00421243 0.0227734 -0.191201 0 0.184212 -0.248402 0.0031519 0.156406 -0.243161 0 0.159116 -0.249823 0 0.182625 -0.180797 0.0037887 0.186078 -0.198746 0 0.0939329 -0.234731 0.00418207 0.047075 -0.206526 0.00652227 0.156725 -0.197477 0.00442612 0.155522 -0.151069 0 0.15801 -0.146595 0.0035989 0.178478 -0.182367 0.00890131 0.0969982 -0.166157 0.00321685 0.179666 -0.243496 0.00362105 0.0942079 -0.225631 -0.00465473 0.00999051 -0.16239 -0.00430529 0.0108456 -0.17744 -0.00368901 0.189415 -0.218394 -0.00328274 0.188043 -0.233996 -0.00421281 0.0227734 -0.191201 -0.00315247 0.156406 -0.243161 -0.00378911 0.186078 -0.198746 -0.0041825 0.047075 -0.206526 -0.00652268 0.156725 -0.197477 -0.00442636 0.155522 -0.151069 -0.00359926 0.178478 -0.182367 -0.0089016 0.0969982 -0.166157 -0.00321743 0.179666 -0.243496 -0.00362156 0.0942079 -0.225631 0.00530666 0.390248 0.0596401 0.00482199 0.39759 0.0726319 0.00904535 0.343982 0.0994075 0.00482564 0.396916 0.0910359 0.00443291 0.366482 0.128823 0 0.368975 0.130328 0 0.399478 0.0925914 0 0.391714 0.0573468 0 0.400726 0.0725472 0 0.346484 0.140291 0 0.24594 0.118153 0.00528194 0.325206 0.135144 0 0.324976 0.137879 0.00460407 0.259938 0.0516344 0 0.259315 0.0475272 0.00485877 0.324948 0.0449798 0 0.326278 0.0422165 0.00520065 0.369987 0.0486399 0 0.178969 -0.0281553 0 0.216044 -0.0172066 0.0302573 0.177019 -0.021315 0.0240917 0.097366 0.0629905 0 0.108777 0.0112661 0.0263538 0.110179 0.015233 0 0.144445 -0.020636 0.0284503 0.144124 -0.0147322 0.0607174 0.174113 -0.00640871 0.0631409 0.202496 0.00374304 0.0844954 0.170837 0.0185137 0.0640219 0.220314 0.0222456 0.0873199 0.188191 0.0262525 0.0452412 0.102301 0.0643507 0.0512974 0.112939 0.0227516 0.0649772 0.110228 0.0661407 0.0567138 0.14388 -0.00188904 0.0710641 0.119838 0.0368993 0.0780062 0.143011 0.0217865 0 0.211565 0.150101 0.0196698 0.210189 0.147551 0 0.241411 0.125366 0.0611622 0.222592 0.112524 0.0392784 0.205302 0.141838 0.056907 0.19871 0.134663 0.00460407 0.259938 0.0516344 0.0315764 0.254401 0.0495195 0 0.259315 0.0475272 0.00432658 0.247426 0.115202 0.0306202 0.235693 0.121009 0 0.243358 0.00744191 0.0306543 0.211555 -0.0101736 0.0532809 0.167621 0.14533 0.0374232 0.168377 0.153661 0.0481314 0.148829 0.145248 0.0648724 0.149445 0.130926 0.0695067 0.169109 0.129103 0.0812201 0.204526 0.102673 0 0.147783 0.162392 0.0188105 0.169623 0.160463 0 0.17022 0.163311 0 0.100481 0.0974368 0.0240917 0.097366 0.0629905 0.0250177 0.103166 0.0952234 0.0458747 0.10721 0.0928463 0.0649772 0.110228 0.0661407 0.0618982 0.110551 0.0908365 0.030607 0.23537 0.012986 0.0188105 0.169623 0.160463 0.0636057 0.234122 0.0787958 0.0313504 0.252981 0.0809812 0.064342 0.23362 0.0487853 0.0854946 0.208316 0.076275 0.00432658 0.247426 0.115202 0.00943528 0.305773 0.0910987 0.0452412 0.102301 0.0643507 0.0881616 0.203012 0.0454275 0.00451997 0.346114 0.137068 0 0.371618 0.0461274 0 0.253027 0.0274918 0.0844954 0.170837 0.0185137 0.0873199 0.188191 0.0262525 0.0925524 0.170384 0.0361407 0.0695067 0.169109 0.129103 0.0648724 0.149445 0.130926 0.083274 0.169102 0.10259 0.0649772 0.110228 0.0661407 0.0710641 0.119838 0.0368993 0.0822858 0.126636 0.0697712 0.0745523 0.187664 0.122425 0.0812201 0.204526 0.102673 0.0779876 0.139096 0.0998355 0.0852722 0.137822 0.0838339 0.0618982 0.110551 0.0908365 0.0619541 0.120949 0.11103 0.112302 0.103998 0.0753963 0.113484 0.106912 0.0753629 0.111028 0.106002 0.0767564 0.0852722 0.137822 0.0838339 0.1027 0.139188 0.0822664 0.0936266 0.171892 0.0809198 0.0822858 0.126636 0.0697712 0.109078 0.104869 0.0748607 0.142073 0.142844 0.0770082 0.13817 0.143827 0.0784843 0.137453 0.139712 0.076552 0.112214 0.132788 0.0733355 0.112302 0.103998 0.0753963 0.111512 0.105768 0.0734648 0.113484 0.106912 0.0753629 0.0889364 0.136829 0.0568056 0.105787 0.137708 0.06148 0.109078 0.104869 0.0748607 0.0822858 0.126636 0.0697712 0.142073 0.142844 0.0770082 0.137453 0.139712 0.076552 0.138776 0.143534 0.0743552 0.112214 0.132788 0.0733355 0.112184 0.162595 0.060536 0.109097 0.164081 0.0814369 0.135385 0.191088 0.0725959 0.133751 0.190287 0.0741025 0.13546 0.188288 0.072806 0.0963043 0.181993 0.0677042 0.132541 0.192033 0.0721109 0.139493 0.147649 0.0762875 0.120455 0.164857 0.0722668 0.135385 0.191088 0.0725959 0.13546 0.188288 0.072806 0.134235 0.190053 0.0708109 0.0962914 0.169931 0.0561402 0.132541 0.192033 0.0721109 0.139493 0.147649 0.0762875 0.0629701 0.133846 0.123734 0.00652385 0.257849 0.0838561 0.0881616 0.203012 0.0454275 0.0963043 0.181993 0.0677042 0.0962914 0.169931 0.0561402 0.00652385 0.257849 0.0838561 0.0936266 0.171892 0.0809198 0.0263728 0.148162 0.155836 0.0263728 0.148162 0.155836 0 0.24594 0.118153 0.0854946 0.208316 0.076275 0.0780062 0.143011 0.0217865 0.0856303 0.13992 0.0381098 0.0889364 0.136829 0.0568056 0 0.0944042 0.0617082 0.0745523 0.187664 0.122425 0 0.0944042 0.0617082 0 0.17022 0.163311 0.0963043 0.181993 0.0677042 0.120455 0.164857 0.0722668 -0.00530679 0.390248 0.05964 -0.0090455 0.343982 0.0994075 -0.00482213 0.39759 0.0726319 -0.00482579 0.396916 0.0910358 -0.00443309 0.366482 0.128823 -0.00528211 0.325206 0.135144 -0.00460416 0.259938 0.0516344 -0.00485887 0.324948 0.0449798 -0.00520077 0.369987 0.0486399 -0.0302573 0.177019 -0.021315 -0.0240918 0.0973659 0.0629905 -0.0263538 0.110179 0.015233 -0.0284503 0.144124 -0.0147322 -0.0607174 0.174113 -0.00640876 -0.0844954 0.170837 0.0185136 -0.0631409 0.202496 0.003743 -0.08732 0.188191 0.0262524 -0.064022 0.220314 0.0222455 -0.0452412 0.102301 0.0643506 -0.0649772 0.110228 0.0661407 -0.0512974 0.112939 0.0227516 -0.0710641 0.119838 0.0368993 -0.0567138 0.14388 -0.00188908 -0.0780062 0.143011 0.0217864 -0.0196699 0.210189 0.147551 -0.0611624 0.222592 0.112524 -0.0569071 0.19871 0.134663 -0.0392785 0.205302 0.141838 -0.00460416 0.259938 0.0516344 -0.0315765 0.254401 0.0495195 -0.00432671 0.247426 0.115202 -0.0306203 0.235693 0.121009 -0.0306543 0.211555 -0.0101736 -0.053281 0.167621 0.14533 -0.0481315 0.148829 0.145248 -0.0374233 0.168377 0.153661 -0.0695069 0.169109 0.129103 -0.0648725 0.149445 0.130926 -0.0812202 0.204526 0.102672 -0.0188107 0.169623 0.160463 -0.0250178 0.103166 0.0952234 -0.0240918 0.0973659 0.0629905 -0.0458748 0.10721 0.0928463 -0.0618983 0.110551 0.0908364 -0.0649772 0.110228 0.0661407 -0.030607 0.23537 0.012986 -0.0188107 0.169623 0.160463 -0.0636058 0.234122 0.0787958 -0.0313505 0.252981 0.0809811 -0.0643421 0.23362 0.0487852 -0.0854947 0.208316 0.0762749 -0.00432671 0.247426 0.115202 -0.00943541 0.305773 0.0910986 -0.0452412 0.102301 0.0643506 -0.0881617 0.203012 0.0454274 -0.00452015 0.346114 0.137068 -0.0844954 0.170837 0.0185136 -0.0925525 0.170384 0.0361407 -0.08732 0.188191 0.0262524 -0.0695069 0.169109 0.129103 -0.0832741 0.169102 0.10259 -0.0648725 0.149445 0.130926 -0.0649772 0.110228 0.0661407 -0.0822859 0.126636 0.0697711 -0.0710641 0.119838 0.0368993 -0.0745524 0.187664 0.122425 -0.0812202 0.204526 0.102672 -0.0779876 0.139096 0.0998354 -0.0852723 0.137822 0.0838339 -0.0618983 0.110551 0.0908364 -0.0619542 0.120949 0.11103 -0.112302 0.103998 0.0753962 -0.111028 0.106002 0.0767563 -0.113484 0.106912 0.0753628 -0.0852723 0.137822 0.0838339 -0.0936267 0.171892 0.0809197 -0.1027 0.139188 0.0822664 -0.0822859 0.126636 0.0697711 -0.109078 0.104869 0.0748607 -0.142073 0.142844 0.077008 -0.137453 0.139712 0.0765519 -0.13817 0.143827 0.0784841 -0.112214 0.132788 0.0733354 -0.112302 0.103998 0.0753962 -0.113484 0.106912 0.0753628 -0.111512 0.105768 0.0734647 -0.0889364 0.136829 0.0568055 -0.105787 0.137708 0.06148 -0.0822859 0.126636 0.0697711 -0.109078 0.104869 0.0748607 -0.142073 0.142844 0.077008 -0.138776 0.143534 0.0743551 -0.137453 0.139712 0.0765519 -0.112214 0.132788 0.0733354 -0.112184 0.162595 0.0605359 -0.109097 0.164081 0.0814368 -0.135385 0.191088 0.0725958 -0.13546 0.188288 0.0728059 -0.133752 0.190287 0.0741024 -0.0963043 0.181993 0.0677042 -0.132541 0.192033 0.0721108 -0.139493 0.147649 0.0762874 -0.120455 0.164857 0.0722667 -0.135385 0.191088 0.0725958 -0.134235 0.190053 0.0708108 -0.13546 0.188288 0.0728059 -0.0962915 0.169931 0.0561401 -0.132541 0.192033 0.0721108 -0.139493 0.147649 0.0762874 -0.0629702 0.133846 0.123734 -0.00652395 0.257849 0.0838561 -0.0881617 0.203012 0.0454274 -0.0962915 0.169931 0.0561401 -0.0963043 0.181993 0.0677042 -0.00652395 0.257849 0.0838561 -0.0936267 0.171892 0.0809197 -0.0263729 0.148162 0.155836 -0.0263729 0.148162 0.155836 -0.0854947 0.208316 0.0762749 -0.0780062 0.143011 0.0217864 -0.0856303 0.13992 0.0381098 -0.0889364 0.136829 0.0568055 -0.0745524 0.187664 0.122425 -0.0963043 0.181993 0.0677042 -0.120455 0.164857 0.0722667 0.0301424 0.00766457 0.0724478 0.0304786 0.00198264 0.0586478 0.0320256 0.0018691 0.0768793 0.0474912 0.00219058 0.0805336 0.0371841 0.00869577 0.0768947 0.0371841 0.00219058 0.0805339 0.0543351 0.00195015 0.0584336 0.0553762 0.00820037 0.0719494 0.0530977 0.00186911 0.0768793 0.032563 0 0.0594659 0.0508098 0 0.0758211 0.033884 0 0.0758211 0.0465195 0.00101855 0.0496422 0.0384072 0.00102083 0.0497133 0.0474912 0.00899911 0.0764027 0.0301424 0.00766457 0.0724478 0.0320256 0.0018691 0.0768793 0.0508098 0 0.0758211 0.0519691 0 0.0592712 0.0471855 0 0.07918 0.0469235 0.00285334 0.0468997 0.0465195 0.00101855 0.0496422 0.032563 0 0.0594659 0.033884 0 0.0758211 0.033884 0 0.0758211 0.0374686 0 0.0791803 0.0384072 0.00102083 0.0497133 0.038165 0.00263886 0.0471815 0.0384072 0.00102083 0.0497133 0.0374686 0 0.0791803 0.0519691 0 0.0592712 0.038165 0.00263886 0.0471815 0.0471855 0 0.07918 0.027472 0.0232391 0.0684231 0.0259319 0.017811 0.0492325 0.0372256 0.0282431 0.0744783 0.027472 0.0232391 0.0684231 0.0597189 0.0321232 0.0659946 0.0491915 0.031058 0.0728155 0.036477 0.0171065 0.0356877 0.0618727 0.0292899 0.0448536 0.036477 0.0171065 0.0356877 0.0484543 0.0206686 0.0330019 0.0635612 0.0615915 0.0338373 0.0553139 0.0602144 0.0654735 0.0351282 0.0522443 0.0726383 0.0250916 0.0387039 0.0639897 0.0231847 0.0304257 0.0433361 0.0349702 0.0299947 0.0254509 0.0349702 0.0299947 0.0254509 0.0494685 0.0377627 0.0215326 0.0250916 0.0387039 0.0639897 0.0250916 0.0387039 0.0639897 0.0231847 0.0304257 0.0433361 0.0351282 0.0522443 0.0726383 0.0635612 0.0615915 0.0338373 0.0349702 0.0299947 0.0254509 0.0349702 0.0299947 0.0254509 0.0494685 0.0377627 0.0215326 0.0553139 0.0602144 0.0654735 0.0351282 0.0522443 0.0726383 0 0.109714 0.0758709 0.0171323 0.109018 0.0744682 0 0.109714 0.0758709 0.0171323 0.109018 0.0744682 -0.0171323 0.109018 0.0744682 -0.0171323 0.109018 0.0744682 -0.0304786 0.00198263 0.0586478 -0.025932 0.017811 0.0492325 -0.027472 0.0232391 0.068423 -0.0301424 0.00766457 0.0724477 -0.027472 0.0232391 0.068423 -0.0372256 0.0282431 0.0744783 -0.0474913 0.00899911 0.0764026 -0.0491916 0.031058 0.0728155 -0.0597189 0.0321232 0.0659946 -0.0371841 0.00869577 0.0768946 -0.038165 0.00263886 0.0471815 -0.036477 0.0171065 0.0356876 -0.0553762 0.00820037 0.0719494 -0.0618727 0.0292898 0.0448536 -0.0469235 0.00285333 0.0468997 -0.0484543 0.0206686 0.0330018 -0.036477 0.0171065 0.0356876 -0.0543351 0.00195014 0.0584336 -0.0301424 0.00766457 0.0724477 -0.038165 0.00263886 0.0471815 -0.0553139 0.0602144 0.0654735 -0.0635612 0.0615915 0.0338373 -0.0351282 0.0522443 0.0726383 -0.0231847 0.0304257 0.0433361 -0.0250917 0.0387039 0.0639897 -0.0349702 0.0299947 0.0254509 -0.0494685 0.0377627 0.0215326 -0.0349702 0.0299947 0.0254509 -0.0250917 0.0387039 0.0639897 -0.0250917 0.0387039 0.0639897 -0.0231847 0.0304257 0.0433361 -0.0351282 0.0522443 0.0726383 -0.0635612 0.0615915 0.0338373 -0.0349702 0.0299947 0.0254509 -0.0349702 0.0299947 0.0254509 -0.0494685 0.0377627 0.0215326 -0.0553139 0.0602144 0.0654735 -0.0351282 0.0522443 0.0726383 -0.0320257 0.0018691 0.0768792 -0.0474913 0.00219057 0.0805335 -0.0371841 0.00219057 0.0805339 -0.0530977 0.0018691 0.0768792 -0.0325631 0 0.0594658 -0.033884 0 0.075821 -0.0508099 0 0.075821 -0.0465195 0.00101854 0.0496421 -0.0384072 0.00102082 0.0497133 -0.0320257 0.0018691 0.0768792 -0.0519691 0 0.0592712 -0.0508099 0 0.075821 -0.0471856 0 0.0791799 -0.0465195 0.00101854 0.0496421 -0.033884 0 0.075821 -0.0325631 0 0.0594658 -0.0374686 0 0.0791803 -0.033884 0 0.075821 -0.0384072 0.00102082 0.0497133 -0.0384072 0.00102082 0.0497133 -0.0374686 0 0.0791803 -0.0519691 0 0.0592712 -0.0471856 0 0.0791799</float_array>
          <technique_common>
            <accessor source="#mizugorou_00_0_0_Position_array_id" count="696" stride="3">
              <param name="X" type="float" />
              <param name="Y" type="float" />
              <param name="Z" type="float" />
            </accessor>
          </technique_common>
        </source>
        <source id="mizugorou_00_0_0_Normal_id" name="mizugorou_00_0_0_Normal">
          <float_array id="mizugorou_00_0_0_Normal_array_id" count="2088">0.960095 -0.190364 0.204886 0.958111 0.25077 -0.138341 0.959959 -0.277837 -0.0358631 0.97145 0.0942912 -0.217703 0.780628 0.320554 -0.536531 -0.332323 -0.93579 0.117728 0.402213 -0.915516 0.00743609 0.219364 -0.97549 0.017282 -0.116507 -0.710231 0.694261 0.584936 -0.629538 0.511402 0.402213 -0.915516 0.00743609 0.714257 -0.699729 0.0147239 0.719514 0.603086 -0.344365 0.519053 0.508372 -0.687126 0.177204 -0.976072 -0.126027 -0.116507 -0.710231 0.694261 0.424454 0.871584 -0.245315 0.74066 0.645256 -0.187267 0.366043 0.792625 -0.487604 0.209194 0.582922 -0.785137 0.0960144 -0.960471 0.261299 0 -0.855543 0.517732 0 -0.968838 0.247695 0.124017 -0.99141 0.0415487 0.473686 0.879706 0.0416982 0.0917677 -0.737079 0.669547 0 -0.522237 0.852801 0 -0.0833016 0.996524 0.176502 0.25077 0.95182 0 0.260467 0.965483 0.830321 0.304302 0.466871 0.759342 0.640299 0.115831 0.684669 0.603624 0.408494 0 -0.997448 0.0714 0 -0.991992 -0.126303 0.243174 -0.0341746 0.96938 0.457907 0.373308 0.806822 0 0.838858 -0.54435 0 0.940243 -0.340504 0 0.998636 -0.0522052 1.05618E-06 0.704729 -0.709476 0.954217 0.269558 -0.12965 0.928427 0.363346 0.0774778 0.457907 0.373308 0.806822 0.385917 0.788279 0.479255 0.158245 -0.364942 0.917483 0.407087 -0.000576407 0.913389 0 0.910878 0.412675 0.407087 -0.000576407 0.913389 -0.424454 0.871584 -0.245315 -0.366043 0.792625 -0.487605 -0.74066 0.645255 -0.187267 -0.209191 0.582922 -0.785138 -0.519051 0.508372 -0.687127 -0.0960139 -0.960471 0.261299 -0.177205 -0.976072 -0.126028 -0.124016 -0.99141 0.0415488 -0.219364 -0.97549 0.0172819 -0.473686 0.879706 0.0416982 -0.0917677 -0.73708 0.669547 -0.176502 0.25077 0.95182 -0.830321 0.304302 0.466871 -0.684669 0.603624 0.408494 -0.759342 0.640299 0.115832 -0.243175 -0.0341746 0.96938 -0.457908 0.373308 0.806822 -0.954217 0.269558 -0.129646 -0.928427 0.363346 0.0774778 -0.958111 0.25077 -0.138342 -0.719514 0.603086 -0.344365 -0.457908 0.373308 0.806822 -0.385917 0.788279 0.479254 -0.158245 -0.364942 0.917483 -0.407087 -0.000576571 0.913389 -0.959959 -0.277837 -0.0358631 -0.407087 -0.000576571 0.913389 -0.26425 -0.804094 -0.532546 0.493024 0.0652146 -0.867568 0.653527 0.0305972 -0.756284 0.140224 -0.30398 -0.942302 0.143646 -0.615681 -0.774793 0.274933 -0.232949 -0.932817 0.0921139 -0.895699 -0.435016 0.143646 -0.615681 -0.774793 -0.26425 -0.804094 -0.532546 0.97145 0.0942912 -0.217703 0.886231 -0.108213 0.450427 0.964787 -0.0296682 -0.261352 0.960095 -0.190364 0.204886 0.413017 -0.302921 0.858869 0.584936 -0.629538 0.511402 -0.197335 -0.341493 0.918935 -0.116507 -0.710231 0.694261 -0.756343 -0.23918 0.608883 -0.332323 -0.93579 0.117728 -0.893239 -0.339492 -0.294735 -0.756343 -0.23918 0.608883 0.653527 0.0305972 -0.756284 0.528318 -0.123338 -0.84004 0.140224 -0.30398 -0.942302 -0.274708 -0.325291 -0.904832 -0.26425 -0.804094 -0.532546 0.140224 -0.30398 -0.942302 -0.332323 -0.93579 0.117728 -0.274708 -0.325291 -0.904832 -0.844823 -0.200034 0.496247 0.387807 -0.0321015 0.921181 -0.330231 -0.64915 -0.685239 0.868052 -0.0225276 0.495962 -0.204238 -0.0485028 0.977719 0.340369 -0.572178 -0.746164 -0.330231 -0.64915 -0.685239 0.898343 -0.366352 -0.242417 -0.767003 -0.581491 -0.271246 -0.844823 -0.200034 0.496247 0.280278 -0.166693 0.945334 0.765248 -0.454716 0.455663 0.39523 -0.910405 0.122295 -0.367193 -0.925081 -0.0969272 0.322088 -0.926795 -0.19316 -0.193001 -0.916398 -0.350665 0.088835 -0.916104 -0.390976 -0.383958 -0.325769 0.863974 -0.766395 -0.563812 0.307822 -0.766395 -0.563812 0.307822 -0.367193 -0.925081 -0.0969272 -0.291575 -0.935493 0.199594 -0.291575 -0.935493 0.199594 -0.119389 -0.838419 0.53179 -0.193001 -0.916398 -0.350665 0.088835 -0.916104 -0.390976 -0.193001 -0.916398 -0.350665 0.204255 -0.889618 0.408486 0.322088 -0.926795 -0.19316 0.39523 -0.910405 0.122295 -0.119389 -0.838419 0.53179 -0.291575 -0.935493 0.199594 0.204255 -0.889618 0.408486 -0.960094 -0.190376 0.204882 -0.780627 0.320553 -0.536532 -0.971449 0.0942951 -0.217702 0.332285 -0.935804 0.117715 -0.402213 -0.915516 0.00743606 0.116456 -0.710336 0.694162 -0.402213 -0.915516 0.00743606 -0.584936 -0.62957 0.511363 -0.714257 -0.699729 0.0147241 0.116456 -0.710336 0.694162 0.264264 -0.80407 -0.532575 -0.493023 0.0652144 -0.867569 -0.140215 -0.303947 -0.942314 -0.653522 0.0306295 -0.756288 -0.143645 -0.615681 -0.774792 -0.274932 -0.232949 -0.932817 -0.0921137 -0.895699 -0.435016 -0.143645 -0.615681 -0.774792 0.264264 -0.80407 -0.532575 -0.971449 0.0942951 -0.217702 -0.964786 -0.0296281 -0.261363 -0.886229 -0.10831 0.450408 -0.960094 -0.190376 0.204882 -0.413013 -0.303085 0.858813 -0.584936 -0.62957 0.511363 0.197325 -0.341675 0.91887 0.116456 -0.710336 0.694162 0.756333 -0.239358 0.608825 0.332285 -0.935804 0.117715 0.756333 -0.239358 0.608825 0.893249 -0.339395 -0.294816 -0.653522 0.0306295 -0.756288 -0.140215 -0.303947 -0.942314 -0.528314 -0.123175 -0.840067 0.274723 -0.325084 -0.904902 -0.140215 -0.303947 -0.942314 0.264264 -0.80407 -0.532575 0.332285 -0.935804 0.117715 0.274723 -0.325084 -0.904902 0.844822 -0.200183 0.496189 -0.387807 -0.0323744 0.921172 0.330235 -0.648946 -0.68543 -0.868051 -0.022674 0.495957 0.204235 -0.0487993 0.977705 0.330235 -0.648946 -0.68543 -0.34037 -0.571955 -0.746335 -0.898344 -0.366278 -0.242525 0.767004 -0.581409 -0.271418 0.844822 -0.200183 0.496189 -0.280278 -0.166971 0.945286 -0.765248 -0.454848 0.455531 -0.395231 -0.91044 0.122029 -0.322089 -0.926738 -0.193431 0.367193 -0.925052 -0.0971988 -0.0888352 -0.915989 -0.391245 0.193002 -0.916294 -0.350934 0.383958 -0.326023 0.863878 0.766395 -0.563903 0.307657 0.766395 -0.563903 0.307657 0.291574 -0.935551 0.19932 0.367193 -0.925052 -0.0971988 0.119389 -0.838575 0.531544 0.291574 -0.935551 0.19932 0.193002 -0.916294 -0.350934 0.193002 -0.916294 -0.350934 -0.0888352 -0.915989 -0.391245 -0.204255 -0.889737 0.408226 -0.322089 -0.926738 -0.193431 -0.395231 -0.91044 0.122029 0.119389 -0.838575 0.531544 -0.204255 -0.889737 0.408226 0.291574 -0.935551 0.19932 0 -0.878062 0.478546 0.861378 -0.418067 0.288526 0 -0.832219 0.554448 0.999147 -0.0394508 -0.0122064 0.865547 0.28949 0.408685 0.933254 0.181259 0.310134 0.175651 0.0209922 -0.984229 0.174763 0.275969 -0.945145 0.2619 0.0185204 -0.964917 0.130394 0.148214 -0.980321 0 0.377655 -0.925947 0 0.377655 -0.925947 0.306634 0.296361 -0.904514 0.133812 -0.198484 -0.970927 0.153506 -0.347888 -0.924884 0 0.521383 0.853323 1.79815E-06 0.612397 0.790551 0.174763 0.275969 -0.945145 0.2619 0.0185204 -0.964917 0 -0.701979 -0.712198 0.120001 -0.671337 -0.731373 0.274933 -0.232949 -0.932817 0.809221 -0.54003 0.231363 -1.60624E-06 -0.504095 -0.863648 0 -0.917797 -0.397051 -2.37655E-06 0.233256 -0.972415 -0.861377 -0.418067 0.288529 -0.999147 -0.039451 -0.0122026 -0.933253 0.181258 0.310137 -0.865546 0.289489 0.408688 -0.175647 0.0209923 -0.984229 -0.261898 0.0185208 -0.964918 -0.17476 0.275969 -0.945146 -0.130391 0.148214 -0.980322 -0.306631 0.296361 -0.904515 -0.133806 -0.198481 -0.970928 -0.153503 -0.347888 -0.924884 -0.17476 0.275969 -0.945146 -0.261898 0.0185208 -0.964918 -0.119999 -0.671337 -0.731373 -0.274932 -0.232949 -0.932817 -0.80922 -0.54003 0.231366 0 -0.990443 0.137926 0.861266 -0.482202 -0.160318 0.866053 -0.497319 0.0512349 -1.69822E-06 -0.737298 -0.675567 0 -0.957751 -0.287599 0 0.964935 0.262489 0.929802 0.366871 0.0295532 0 0.999941 0.0108469 0.954217 0.269558 -0.12965 0 0.905625 -0.424079 -1.60624E-06 -0.504095 -0.863648 0.939851 -0.215139 -0.26532 -1.14673E-06 0.366112 -0.930571 0.954343 -0.0305271 -0.29715 0 -0.0911052 -0.995841 1.09145E-06 0.88622 0.463265 0.888958 0.432514 0.150615 -1.83769E-06 -0.300461 -0.953794 0.957365 -0.121483 -0.262096 0.99828 0.0580271 -0.00834975 0.899733 0.32078 0.29594 1.56045E-06 0.767912 0.640556 0.889567 0.388295 0.240618 0.99976 0.013763 -0.0170515 0.96379 0.0920208 -0.250282 0.978305 -0.0625757 -0.197492 -0.866053 -0.497319 0.051238 -0.861267 -0.482202 -0.160315 -0.929802 0.366871 0.0295562 -0.954217 0.269558 -0.129646 -0.939852 -0.215139 -0.265317 -0.954344 -0.0305272 -0.297146 -0.888958 0.432514 0.150618 -0.957366 -0.121483 -0.262093 -0.99828 0.058027 -0.00834608 -0.899732 0.32078 0.295943 -0.889566 0.388295 0.240621 -0.99976 0.0137629 -0.0170478 -0.96379 0.0920205 -0.25028 -0.978306 -0.0625758 -0.197489 0.780407 0.406606 -0.475013 0.78895 0.582558 -0.195406 0.998286 0.0458219 0.0364142 0.765984 0.599549 0.231966 0.795326 0.325358 0.511467 0 0.665932 0.746012 0 0.933616 0.358274 0 0.767126 -0.641497 0 0.989561 -0.144113 0 0.235157 0.971958 0 -0.249182 0.968457 0.840706 -0.0958533 0.532941 0 -0.143427 0.989661 0.945373 -0.0511404 -0.321953 0 -0.0911052 -0.995841 0.805813 -0.0211823 -0.591792 0 0.0278976 -0.999611 0.846263 0.11544 -0.520108 0 -0.0476119 -0.998866 0 0.427731 -0.903906 0.336897 0.0429209 -0.940563 0.154095 -0.987049 -0.044599 0 -0.897859 -0.440283 0.187355 -0.842037 -0.505838 0 -0.531884 -0.846817 0.268155 -0.438523 -0.857783 0.597538 0.0160141 -0.801681 0.609491 0.405478 -0.681255 0.726032 0.039012 -0.686553 0.619382 0.640872 -0.453486 0.751491 0.389081 -0.532801 0.266377 -0.963489 -0.0270516 0.387196 -0.802509 -0.453936 0.352969 -0.934496 -0.046156 0.533471 -0.402128 -0.744112 0.569335 -0.682729 -0.457972 0.684171 -0.334635 -0.64802 0 0.421272 0.906934 0.263968 0.465927 0.844531 0 0.749679 0.661801 0.561282 0.660311 0.498951 0.427315 0.424561 0.798217 0.611802 0.328229 0.719697 0.188529 0.971988 -0.140341 0.346473 0.916127 -0.201664 0 0.948963 -0.315388 0.207785 0.866136 0.45457 0.342086 0.736148 0.584006 0 0.767126 -0.641497 0.367287 0.474241 -0.800123 0.582106 0.0419514 0.81203 0.40292 0.0757261 0.912097 0.515585 -0.151538 0.843332 0.676749 -0.141028 0.72258 0.676199 0.0583701 0.734403 0.72313 0.542489 0.427538 0 -0.0833016 0.996524 0.233152 0.107323 0.9665 0 0.133712 0.99102 0 -0.968838 0.247695 0.154095 -0.987049 -0.044599 0.17324 -0.943087 0.283856 0.243328 -0.934878 0.258448 0.352969 -0.934496 -0.046156 0.258711 -0.920293 0.293478 0.38013 0.745608 -0.54733 0.233152 0.107323 0.9665 0.641545 0.753456 0.143955 0.369536 0.895121 0.249404 0.679327 0.717904 -0.152083 0.773037 0.63144 0.060805 0.934663 -0.113512 0.336928 0.99968 -0.023118 -0.0102554 0.266377 -0.963489 -0.0270516 0.770827 0.581592 -0.259955 0.798456 0.0515217 0.599845 0 0.355022 -0.934858 0 0.916127 -0.400888 0.903015 -0.108998 -0.415553 0.946911 0.110613 -0.301869 0.949105 -0.0526906 -0.31052 0.881073 -0.119832 0.457548 0.864671 -0.224074 0.449595 0.898613 -0.102021 0.426716 0.687748 -0.725947 0.00197099 0.758399 -0.608784 -0.232839 0.736353 -0.674502 0.0532121 0.911494 -0.0110891 0.411164 0.936578 0.114772 0.331134 0.821027 -0.417332 0.389549 0.844894 -0.348254 0.406047 0.756503 -0.609696 0.236589 0.798965 -0.497628 0.33767 0.418806 -0.899365 0.125472 0.979121 -0.135362 0.151655 -0.0404129 -0.396727 0.917047 -0.141394 -0.246494 0.958775 0.238076 -0.15499 0.9588 -0.034701 0.297695 0.95403 -0.62975 -0.720303 0.290824 -0.430494 -0.882166 -0.190941 0.958381 -0.237957 0.157742 0.265723 -0.0350455 0.963412 0.408413 -0.904614 0.121954 0.79714 -0.584083 0.153021 0.418806 -0.899365 0.125472 0.321956 -0.470206 -0.821736 0.979121 -0.135362 0.151655 0.0363907 -0.363683 -0.930812 0.498995 -0.316331 -0.806808 -0.430494 -0.882166 -0.190941 -0.62975 -0.720303 0.290824 0.958381 -0.237957 0.157742 0.408413 -0.904614 0.121954 0.527358 -0.163191 -0.833824 0.79714 -0.584083 0.153021 0.5253 -0.0210585 -0.850657 0.314501 0.108324 0.943056 0.789285 0.609716 0.072639 0.158257 0.454941 0.876347 0.939441 -0.30372 0.15876 -0.279513 0.92895 0.242743 0.0442876 0.968473 -0.245152 0.789285 0.609716 0.072639 0.982026 0.134881 0.132032 0.789285 0.609716 0.072639 0.939441 -0.30372 0.15876 0.504257 0.243278 -0.828577 0.124579 0.345089 -0.930265 0.0442876 0.968473 -0.245152 0.789285 0.609716 0.072639 0.817135 -0.385169 0.428877 0.208452 0.967856 0.14072 0.963841 0.230572 -0.133594 0.958961 0.275079 0.0687388 0.981193 -0.0223327 -0.191731 0.9982 -0.0594795 -0.00768583 0.929829 0.0893208 0.356987 0.339615 -0.116833 0.93328 0.339615 -0.116833 0.93328 -1.06819E-06 0.84686 0.531816 0.937117 0.290203 0.19389 0.835954 -0.332575 -0.436549 0.857203 -0.427188 -0.2876 0.840089 -0.491369 -0.229798 0 -0.998527 -0.0542496 0.658391 0.275887 0.700291 0 -0.998527 -0.0542496 0 0.133712 0.99102 -0.279513 0.92895 0.242743 0.982026 0.134881 0.132032 -0.780406 0.406606 -0.475014 -0.998286 0.0458215 0.0364134 -0.78895 0.582558 -0.195409 -0.765985 0.599549 0.231967 -0.795326 0.325358 0.511467 -0.840706 -0.0958536 0.53294 -0.945373 -0.0511407 -0.321954 -0.805812 -0.0211826 -0.591792 -0.846263 0.11544 -0.520108 -0.336896 0.0429208 -0.940563 -0.154095 -0.987049 -0.0445991 -0.187354 -0.842037 -0.505838 -0.268154 -0.438523 -0.857783 -0.597537 0.0160141 -0.801681 -0.726032 0.0390118 -0.686554 -0.60949 0.405478 -0.681256 -0.751491 0.389081 -0.532802 -0.619382 0.640871 -0.453487 -0.266377 -0.963489 -0.0270518 -0.352969 -0.934496 -0.0461564 -0.387196 -0.802509 -0.453937 -0.569335 -0.682729 -0.457972 -0.53347 -0.402128 -0.744112 -0.68417 -0.334635 -0.648021 -0.263969 0.465927 0.844531 -0.561282 0.660311 0.498951 -0.611803 0.328228 0.719697 -0.427316 0.424561 0.798217 -0.188529 0.971988 -0.140344 -0.346473 0.916126 -0.201665 -0.207786 0.866136 0.45457 -0.342087 0.736148 0.584006 -0.367286 0.474241 -0.800123 -0.582107 0.0419514 0.81203 -0.515585 -0.151537 0.843332 -0.40292 0.075726 0.912097 -0.676199 0.0583699 0.734403 -0.676749 -0.141028 0.72258 -0.723131 0.542488 0.427538 -0.233152 0.107323 0.9665 -0.17324 -0.943087 0.283856 -0.154095 -0.987049 -0.0445991 -0.243329 -0.934877 0.258448 -0.25871 -0.920293 0.293478 -0.352969 -0.934496 -0.0461564 -0.38013 0.745607 -0.54733 -0.233152 0.107323 0.9665 -0.641546 0.753456 0.143954 -0.369537 0.895121 0.249404 -0.679327 0.717903 -0.152084 -0.773038 0.631439 0.0608039 -0.934663 -0.113512 0.336927 -0.99968 -0.0231184 -0.0102562 -0.266377 -0.963489 -0.0270518 -0.770827 0.581592 -0.259955 -0.798456 0.0515215 0.599845 -0.903014 -0.108998 -0.415554 -0.949105 -0.0526906 -0.310521 -0.94691 0.110613 -0.30187 -0.881073 -0.119832 0.457548 -0.898613 -0.102021 0.426715 -0.864671 -0.224075 0.449594 -0.687748 -0.725947 0.00197021 -0.736353 -0.674502 0.0532115 -0.758398 -0.608784 -0.23284 -0.911494 -0.0110888 0.411164 -0.936578 0.114772 0.331133 -0.821027 -0.417332 0.389549 -0.844894 -0.348254 0.406046 -0.756503 -0.609696 0.236588 -0.798965 -0.497628 0.33767 -0.418804 -0.899367 0.125471 0.0404134 -0.396725 0.917047 -0.979121 -0.135361 0.151654 0.141393 -0.246494 0.958775 0.0347006 0.297695 0.95403 -0.238076 -0.154991 0.9588 0.62975 -0.720302 0.290827 0.430493 -0.882166 -0.19094 -0.958381 -0.237956 0.157745 -0.408412 -0.904614 0.121955 -0.265723 -0.0350453 0.963412 -0.79714 -0.584083 0.153019 -0.418804 -0.899367 0.125471 -0.979121 -0.135361 0.151654 -0.321955 -0.470204 -0.821738 -0.036391 -0.363683 -0.930812 -0.498994 -0.316331 -0.806808 0.62975 -0.720302 0.290827 0.430493 -0.882166 -0.19094 -0.958381 -0.237956 0.157745 -0.527358 -0.163191 -0.833824 -0.408412 -0.904614 0.121955 -0.79714 -0.584083 0.153019 -0.525299 -0.0210589 -0.850657 -0.314502 0.108324 0.943056 -0.789286 0.609713 0.0726412 -0.93944 -0.303723 0.158758 -0.158261 0.454944 0.876344 0.279512 0.928951 0.24274 -0.0442888 0.968473 -0.245149 -0.789286 0.609713 0.0726412 -0.982026 0.13488 0.132032 -0.789286 0.609713 0.0726412 -0.50426 0.243277 -0.828576 -0.93944 -0.303723 0.158758 -0.124578 0.345089 -0.930266 -0.0442888 0.968473 -0.245149 -0.789286 0.609713 0.0726412 -0.817135 -0.385169 0.428876 -0.208452 0.967856 0.14072 -0.963841 0.230572 -0.133595 -0.981193 -0.022333 -0.191732 -0.958961 0.275079 0.0687378 -0.9982 -0.0594798 -0.00768666 -0.929829 0.0893208 0.356986 -0.339615 -0.116834 0.93328 -0.339615 -0.116834 0.93328 -0.937118 0.290203 0.193889 -0.835954 -0.332575 -0.43655 -0.857202 -0.427189 -0.2876 -0.840088 -0.49137 -0.229799 -0.658393 0.275887 0.700289 0.279512 0.928951 0.24274 -0.982026 0.13488 0.132032 -0.780715 0.115183 0.61418 -0.84461 -0.511989 -0.156528 -0.792944 -0.485082 0.368694 0.249164 0.0513799 0.967097 -0.158314 0.319546 0.934252 -0.41852 -0.085681 0.904157 0.793155 -0.580041 -0.185626 0.859731 0.057555 0.507495 0.721978 -0.479577 0.498753 -0.299091 -0.951081 -0.0773947 0.257454 -0.96276 0.0825243 -0.376225 -0.879637 0.291023 0.119063 -0.925607 -0.359271 -0.2918 -0.875032 -0.386227 0.329695 0.283528 0.900507 -0.780715 0.115183 0.61418 -0.792944 -0.485082 0.368694 0.257454 -0.96276 0.0825243 0.367908 -0.912191 -0.180421 0.243113 -0.785814 0.568676 0.323172 -0.721457 -0.612422 0.119063 -0.925607 -0.359271 -0.299091 -0.951081 -0.0773947 -0.376225 -0.879637 0.291023 -0.376225 -0.879637 0.291023 -0.140695 -0.824569 0.547989 -0.2918 -0.875032 -0.386227 -0.353736 -0.722092 -0.59452 -0.2918 -0.875032 -0.386227 -0.140695 -0.824569 0.547989 0.367908 -0.912191 -0.180421 -0.353736 -0.722092 -0.59452 0.243113 -0.785814 0.568676 -0.873276 -0.0470477 0.48495 -0.916889 -0.338358 -0.211727 -0.300497 0.0942938 0.94911 -0.873276 -0.0470477 0.48495 0.829054 0.0566934 0.556287 0.273072 0.126726 0.95361 -0.393183 -0.587149 -0.707576 0.935642 -0.266114 -0.231856 -0.393183 -0.587149 -0.707576 0.415552 -0.563142 -0.714274 0.999561 -0.0142705 0.0259615 0.670399 0.132652 0.730047 -0.0155579 -0.152936 0.988114 -0.548806 -0.603671 0.578268 -0.360351 -0.93214 -0.0355298 0.138329 -0.935144 -0.326147 0.138329 -0.935144 -0.326147 0.727607 -0.587143 -0.354756 -0.548806 -0.603671 0.578268 -0.548806 -0.603671 0.578268 -0.360351 -0.93214 -0.0355298 -0.0155579 -0.152936 0.988114 0.999561 -0.0142705 0.0259615 0.138329 -0.935144 -0.326147 0.138329 -0.935144 -0.326147 0.727607 -0.587143 -0.354756 0.670399 0.132652 0.730047 -0.0155579 -0.152936 0.988114 0 0.567578 0.823319 0.21947 0.566365 0.794396 0 0.567578 0.823319 0.21947 0.566365 0.794396 -0.21947 0.566364 0.794396 -0.21947 0.566364 0.794396 0.84461 -0.511989 -0.156528 0.916889 -0.338359 -0.211727 0.873275 -0.0470483 0.48495 0.780715 0.115183 0.61418 0.873275 -0.0470483 0.48495 0.300497 0.0942931 0.94911 -0.329696 0.283527 0.900507 -0.273072 0.126726 0.95361 -0.829054 0.0566931 0.556287 0.158314 0.319546 0.934252 0.353737 -0.722092 -0.59452 0.393183 -0.587149 -0.707576 -0.85973 0.0575548 0.507495 -0.935642 -0.266115 -0.231857 -0.323171 -0.721456 -0.612422 -0.415552 -0.563142 -0.714274 0.393183 -0.587149 -0.707576 -0.793155 -0.580041 -0.185627 0.780715 0.115183 0.61418 0.353737 -0.722092 -0.59452 -0.670399 0.132652 0.730047 -0.999561 -0.0142706 0.0259612 0.0155576 -0.152936 0.988114 0.360351 -0.93214 -0.0355296 0.548805 -0.603671 0.578268 -0.138329 -0.935144 -0.326147 -0.727606 -0.587143 -0.354756 -0.138329 -0.935144 -0.326147 0.548805 -0.603671 0.578268 0.548805 -0.603671 0.578268 0.360351 -0.93214 -0.0355296 0.0155576 -0.152936 0.988114 -0.999561 -0.0142706 0.0259612 -0.138329 -0.935144 -0.326147 -0.138329 -0.935144 -0.326147 -0.727606 -0.587143 -0.354756 -0.670399 0.132652 0.730047 0.0155576 -0.152936 0.988114 0.792944 -0.485083 0.368694 -0.249164 0.0513788 0.967097 0.41852 -0.0856823 0.904157 -0.721977 -0.479577 0.498753 0.299091 -0.951081 -0.0773946 0.376224 -0.879637 0.291022 -0.257454 -0.96276 0.0825245 -0.119063 -0.925607 -0.359271 0.2918 -0.875033 -0.386227 0.792944 -0.485083 0.368694 -0.367908 -0.912191 -0.180421 -0.257454 -0.96276 0.0825245 -0.243113 -0.785815 0.568675 -0.119063 -0.925607 -0.359271 0.376224 -0.879637 0.291022 0.299091 -0.951081 -0.0773946 0.140694 -0.824569 0.547988 0.376224 -0.879637 0.291022 0.2918 -0.875033 -0.386227 0.2918 -0.875033 -0.386227 0.140694 -0.824569 0.547988 -0.367908 -0.912191 -0.180421 -0.243113 -0.785815 0.568675</float_array>
          <technique_common>
            <accessor source="#mizugorou_00_0_0_Normal_array_id" count="696" stride="3">
              <param name="X" type="float" />
              <param name="Y" type="float" />
              <param name="Z" type="float" />
            </accessor>
          </technique_common>
        </source>
        <source id="mizugorou_00_0_0_TexCoord0_id" name="mizugorou_00_0_0_TexCoord0">
          <float_array id="mizugorou_00_0_0_TexCoord0_array_id" count="1392">0.74539 0.206298 0.806023 0.202499 0.726416 0.26677 0.773348 0.154128 0.818679 0.146476 0.501015 0.0803039 0.413018 0.117655 0.412395 0.084658 0.666414 0.199897 0.696396 0.213567 0.650932 0.249357 0.685501 0.257804 0.877352 0.196467 0.879249 0.123437 0.500835 0.0642017 0.469102 0.118261 0.93356 0.285828 0.870927 0.282907 0.932363 0.195004 0.920774 0.119485 0.291528 0.0626598 0.233589 0.0151465 0.292056 0.0151458 0.41247 0.0658121 0.927457 0.384062 0.230672 0.0635563 0.178587 0.01512 0.120566 0.01512 0.0532507 0.0629279 0.0555009 0.01512 0.772962 0.449931 0.864302 0.378471 0.851138 0.451973 0.413698 0.01512 0.500019 0.01512 0.121433 0.0618178 0.0473405 0.105519 0.985211 0.188514 0.996846 0.285966 0.989897 0.391209 0.96295 0.110426 0.795636 0.276828 0.78291 0.372727 0.838416 0.494603 0.90798 0.46534 0.178814 0.0636855 0.121769 0.116699 0.959996 0.479751 0.766695 0.499541 0.93356 0.285828 0.932363 0.195004 0.870927 0.282907 0.920774 0.119485 0.879249 0.123437 0.291528 0.0626598 0.500835 0.0642017 0.41247 0.0658121 0.412395 0.084658 0.927457 0.384062 0.230672 0.0635563 0.0532507 0.0629279 0.772962 0.449931 0.851138 0.451973 0.864302 0.378471 0.121433 0.0618178 0.0473405 0.105519 0.795636 0.276828 0.78291 0.372727 0.806023 0.202499 0.877352 0.196467 0.838416 0.494603 0.90798 0.46534 0.178814 0.0636855 0.121769 0.116699 0.726416 0.26677 0.766695 0.499541 0.570862 0.0690074 0.842375 0.0982271 0.797242 0.0970522 0.813045 0.0546507 0.818496 0.0348604 0.835083 0.061165 0.569251 0.0574989 0.617818 0.0775607 0.786811 0.00564516 0.563034 0.817472 0.505833 0.724055 0.56159 0.73328 0.491662 0.804459 0.46776 0.705083 0.454795 0.751411 0.435034 0.686109 0.42668 0.719282 0.390473 0.662122 0.373231 0.682399 0.322673 0.624871 0.387061 0.65899 0.638963 0.802716 0.627843 0.724844 0.691448 0.777008 0.277688 0.594086 0.294853 0.649909 0.224066 0.631747 0.376912 0.685869 0.670851 0.712765 0.407053 0.62353 0.483343 0.652954 0.346626 0.548701 0.516628 0.656868 0.446562 0.643034 0.608901 0.641479 0.638839 0.634491 0.567251 0.63915 0.376151 0.578493 0.413269 0.629919 0.487092 0.631159 0.513913 0.636225 0.186278 0.763466 0.11198 0.714734 0.189056 0.715198 0.136038 0.689031 0.165679 0.689225 0.454056 0.622036 0.427534 0.613404 0.422717 0.608132 0.382209 0.574305 0.42361 0.600475 0.431555 0.60618 0.456325 0.615268 0.358286 0.547233 0.60461 0.632101 0.633865 0.623758 0.489032 0.624296 0.566723 0.632139 0.516152 0.629773 0.133388 0.779574 0.114173 0.763138 0.165984 0.7797 0.74539 0.206298 0.818679 0.146476 0.773348 0.154128 0.501015 0.0803039 0.413018 0.117655 0.666414 0.199897 0.650932 0.249357 0.696396 0.213567 0.685501 0.257804 0.469102 0.118261 0.570862 0.0690074 0.842375 0.0982271 0.813045 0.0546507 0.797242 0.0970522 0.818496 0.0348604 0.835083 0.061165 0.569251 0.0574989 0.617818 0.0775607 0.786811 0.00564516 0.563034 0.817472 0.56159 0.73328 0.505833 0.724055 0.491662 0.804459 0.46776 0.705083 0.454795 0.751411 0.435034 0.686109 0.42668 0.719282 0.390473 0.662122 0.373231 0.682399 0.387061 0.65899 0.322673 0.624871 0.638963 0.802716 0.691448 0.777008 0.627843 0.724844 0.277688 0.594086 0.224066 0.631747 0.294853 0.649909 0.376912 0.685869 0.670851 0.712765 0.407053 0.62353 0.483343 0.652954 0.346626 0.548701 0.516628 0.656868 0.446562 0.643034 0.638839 0.634491 0.608901 0.641479 0.567251 0.63915 0.376151 0.578493 0.413269 0.629919 0.487092 0.631159 0.513913 0.636225 0.186278 0.763466 0.189056 0.715198 0.11198 0.714734 0.165679 0.689225 0.136038 0.689031 0.454056 0.622036 0.427534 0.613404 0.422717 0.608132 0.42361 0.600475 0.382209 0.574305 0.456325 0.615268 0.431555 0.60618 0.358286 0.547233 0.633865 0.623758 0.60461 0.632101 0.489032 0.624296 0.566723 0.632139 0.516152 0.629773 0.133388 0.779574 0.165984 0.7797 0.114173 0.763138 0.170887 0.138178 0.0633914 0.138731 0.0671539 0.12659 0.164818 0.22685 0.034837 0.224298 0.0417296 0.168963 0.695127 0.0503107 0.724881 0.0493188 0.685091 0.0821945 0.702636 0.0298117 0.735283 0.01512 0.949009 0.0790305 0.889046 0.099929 0.652155 0.0286781 0.650244 0.0521431 0.0277898 0.174351 0.021709 0.221652 0.915158 0.0851061 0.866019 0.0750654 0.610703 0.01512 0.613506 0.0540918 0.650245 0.0910463 0.165217 0.14906 0.64279 0.01512 0.564707 0.01512 0.716645 0.01512 0.0633914 0.138731 0.164818 0.22685 0.0417296 0.168963 0.034837 0.224298 0.695127 0.0503107 0.685091 0.0821945 0.724881 0.0493188 0.702636 0.0298117 0.889046 0.099929 0.652155 0.0286781 0.650244 0.0521431 0.915158 0.0851061 0.866019 0.0750654 0.613506 0.0540918 0.650245 0.0910463 0.165217 0.14906 0.245758 0.168871 0.261664 0.197862 0.240167 0.178247 0.28352 0.230904 0.272623 0.193247 0.0731488 0.503647 0.102155 0.518877 0.0999305 0.536324 0.127481 0.536182 0.126246 0.552662 0.278945 0.294989 0.26798 0.232863 0.154538 0.549471 0.180591 0.499946 0.188414 0.513149 0.051156 0.463092 0.0765796 0.489463 0.247113 0.395487 0.261177 0.288801 0.111049 0.443219 0.0419638 0.384055 0.0288221 0.383059 0.0609583 0.457696 0.137774 0.31405 0.152068 0.535283 0.231673 0.384095 0.240167 0.178247 0.261664 0.197862 0.102155 0.518877 0.127481 0.536182 0.26798 0.232863 0.180591 0.499946 0.0765796 0.489463 0.261177 0.288801 0.111049 0.443219 0.0419638 0.384055 0.0609583 0.457696 0.137774 0.31405 0.152068 0.535283 0.231673 0.384095 0.603768 0.193445 0.617927 0.218569 0.512996 0.271065 0.616566 0.254331 0.557411 0.328645 0.565414 0.334952 0.626087 0.259042 0.611378 0.185298 0.628829 0.217747 0.51981 0.355594 0.320214 0.31261 0.476718 0.341707 0.475865 0.353432 0.348725 0.177063 0.347425 0.164799 0.476539 0.163968 0.479525 0.152896 0.564723 0.171488 0.517138 0.991285 0.460598 0.988895 0.515494 0.949019 0.676571 0.889678 0.629877 0.955101 0.617186 0.921356 0.567778 0.981232 0.559824 0.942848 0.516726 0.903087 0.477989 0.897395 0.516032 0.855724 0.446799 0.886056 0.487206 0.848936 0.661043 0.862651 0.607676 0.887378 0.643176 0.836748 0.556715 0.901076 0.601086 0.852847 0.559005 0.85742 0.252409 0.798978 0.277803 0.79081 0.273343 0.849906 0.351062 0.806008 0.303652 0.778474 0.329917 0.76796 0.349354 0.932851 0.376016 0.906596 0.351907 0.9428 0.287008 0.862368 0.311351 0.829884 0.408795 0.974596 0.467114 0.945777 0.31554 0.726497 0.291554 0.73024 0.307056 0.701352 0.338223 0.69956 0.347381 0.726986 0.384131 0.783869 0.0120014 0.829292 0.146596 0.97879 0.0120014 0.989011 0.0179127 0.64071 0.0714267 0.573605 0.0693447 0.640288 0.11287 0.639544 0.157714 0.589573 0.146447 0.638986 0.424387 0.933045 0.264888 0.73525 0.382109 0.841631 0.345622 0.877647 0.412096 0.867787 0.415454 0.808988 0.323972 0.302442 0.438719 0.254891 0.115168 0.580695 0.453905 0.83466 0.517669 0.345111 0.570307 0.161111 0.378755 0.959671 0.96893 0.903954 0.954736 0.942113 0.930392 0.908599 0.737291 0.904002 0.732592 0.862431 0.796646 0.907372 0.864037 0.777268 0.925388 0.796537 0.861998 0.824307 0.752359 0.943135 0.794354 0.979304 0.80173 0.846267 0.83689 0.847188 0.812824 0.77918 0.772043 0.802265 0.951663 0.576 0.9532 0.582477 0.94837 0.580671 0.879485 0.63621 0.91697 0.649183 0.875099 0.712053 0.873687 0.598025 0.94477 0.575724 0.9958 0.680896 0.986787 0.681067 0.9884 0.673602 0.947101 0.637156 0.762814 0.573127 0.76639 0.577354 0.761803 0.578751 0.830974 0.639801 0.791597 0.647073 0.769821 0.573294 0.839654 0.601463 0.710579 0.675219 0.717766 0.666276 0.71968 0.674994 0.762811 0.633443 0.7896 0.704698 0.915123 0.706929 0.94519 0.784136 0.942218 0.7806 0.946492 0.779641 0.864901 0.750098 0.939068 0.784481 0.988963 0.689507 0.944406 0.72125 0.756902 0.782161 0.754749 0.776887 0.759402 0.778066 0.830171 0.71232 0.762377 0.781998 0.717739 0.683023 0.746934 0.829729 0.317954 0.898749 0.915926 0.976226 0.869422 0.933298 0.890297 0.910568 0.344604 0.240645 0.843763 0.914623 0.273129 0.704444 0.20209 0.826141 0.279182 0.860683 0.850649 0.988872 0.959226 0.845151 0.924641 0.846914 0.887795 0.845033 0.692431 0.91916 0.35955 0.753884 0.0223668 0.567046 0.239357 0.740218 0.835799 0.747795 0.759847 0.717713 0.603768 0.193445 0.512996 0.271065 0.617927 0.218569 0.616566 0.254331 0.557411 0.328645 0.476718 0.341707 0.348725 0.177063 0.476539 0.163968 0.564723 0.171488 0.515494 0.949019 0.676571 0.889678 0.617186 0.921356 0.559824 0.942848 0.516726 0.903087 0.516032 0.855724 0.477989 0.897395 0.487206 0.848936 0.446799 0.886056 0.661043 0.862651 0.643176 0.836748 0.607676 0.887378 0.601086 0.852847 0.556715 0.901076 0.559005 0.85742 0.277803 0.79081 0.351062 0.806008 0.329917 0.76796 0.303652 0.778474 0.349354 0.932851 0.376016 0.906596 0.287008 0.862368 0.311351 0.829884 0.467114 0.945777 0.31554 0.726497 0.307056 0.701352 0.291554 0.73024 0.347381 0.726986 0.338223 0.69956 0.384131 0.783869 0.146596 0.97879 0.0693447 0.640288 0.0714267 0.573605 0.11287 0.639544 0.146447 0.638986 0.157714 0.589573 0.424387 0.933045 0.264888 0.73525 0.382109 0.841631 0.345622 0.877647 0.412096 0.867787 0.415454 0.808988 0.323972 0.302442 0.438719 0.254891 0.115168 0.580695 0.453905 0.83466 0.517669 0.345111 0.96893 0.903954 0.930392 0.908599 0.954736 0.942113 0.737291 0.904002 0.796646 0.907372 0.732592 0.862431 0.864037 0.777268 0.861998 0.824307 0.925388 0.796537 0.752359 0.943135 0.794354 0.979304 0.80173 0.846267 0.83689 0.847188 0.812824 0.77918 0.772043 0.802265 0.951663 0.576 0.94837 0.580671 0.9532 0.582477 0.879485 0.63621 0.875099 0.712053 0.91697 0.649183 0.873687 0.598025 0.94477 0.575724 0.9958 0.680896 0.9884 0.673602 0.986787 0.681067 0.947101 0.637156 0.762814 0.573127 0.761803 0.578751 0.76639 0.577354 0.830974 0.639801 0.791597 0.647073 0.839654 0.601463 0.769821 0.573294 0.710579 0.675219 0.71968 0.674994 0.717766 0.666276 0.762811 0.633443 0.7896 0.704698 0.915123 0.706929 0.94519 0.784136 0.946492 0.779641 0.942218 0.7806 0.864901 0.750098 0.939068 0.784481 0.988963 0.689507 0.944406 0.72125 0.756902 0.782161 0.759402 0.778066 0.754749 0.776887 0.830171 0.71232 0.762377 0.781998 0.717739 0.683023 0.746934 0.829729 0.317954 0.898749 0.915926 0.976226 0.890297 0.910568 0.869422 0.933298 0.344604 0.240645 0.843763 0.914623 0.273129 0.704444 0.20209 0.826141 0.850649 0.988872 0.959226 0.845151 0.924641 0.846914 0.887795 0.845033 0.35955 0.753884 0.835799 0.747795 0.759847 0.717713 0.415749 0.409637 0.374173 0.392104 0.429338 0.390711 0.482798 0.396139 0.45026 0.417144 0.453339 0.394089 0.554929 0.41043 0.510996 0.422641 0.50109 0.400067 0.018042 0.724385 0.0790981 0.778282 0.022843 0.778707 0.0641791 0.691208 0.0372188 0.691648 0.4825 0.420207 0.424245 0.414942 0.434533 0.393967 0.503271 0.391581 0.555285 0.401034 0.485197 0.388183 0.596145 0.411871 0.590375 0.403701 0.376242 0.383581 0.426223 0.382484 0.437603 0.384845 0.453542 0.386115 0.341551 0.376574 0.616666 0.39575 0.610385 0.388895 0.0348405 0.789779 0.082536 0.723251 0.333465 0.382004 0.0671362 0.789535 0.402422 0.457864 0.344173 0.440582 0.445846 0.477756 0.410815 0.462718 0.518092 0.497633 0.481917 0.488888 0.295006 0.423884 0.58115 0.500955 0.65403 0.439323 0.631616 0.4708 0.600672 0.601896 0.500845 0.580991 0.437038 0.551105 0.386999 0.505226 0.324201 0.478476 0.261398 0.461233 0.685113 0.480602 0.660037 0.527464 0.396568 0.510091 0.230174 0.083707 0.292047 0.0784343 0.183545 0.110249 0.727822 0.367615 0.340723 0.110678 0.627677 0.312317 0.669951 0.315099 0.722141 0.453549 0.71123 0.510206 0.0217453 0.01512 0.0235535 0.0636437 0.920943 0.537175 0.882719 0.511824 0.0235535 0.0636437 0.882719 0.511824 0.374173 0.392104 0.344173 0.440582 0.402422 0.457864 0.424245 0.414942 0.410815 0.462718 0.445846 0.477756 0.4825 0.420207 0.481917 0.488888 0.518092 0.497633 0.45026 0.417144 0.333465 0.382004 0.295006 0.423884 0.510996 0.422641 0.58115 0.500955 0.596145 0.411871 0.631616 0.4708 0.65403 0.439323 0.554929 0.41043 0.415749 0.409637 0.616666 0.39575 0.500845 0.580991 0.600672 0.601896 0.437038 0.551105 0.324201 0.478476 0.386999 0.505226 0.261398 0.461233 0.660037 0.527464 0.685113 0.480602 0.396568 0.510091 0.230174 0.083707 0.292047 0.0784343 0.183545 0.110249 0.727822 0.367615 0.340723 0.110678 0.627677 0.312317 0.669951 0.315099 0.722141 0.453549 0.71123 0.510206 0.429338 0.390711 0.482798 0.396139 0.453339 0.394089 0.50109 0.400067 0.018042 0.724385 0.022843 0.778707 0.0790981 0.778282 0.0641791 0.691208 0.0372188 0.691648 0.434533 0.393967 0.555285 0.401034 0.503271 0.391581 0.485197 0.388183 0.590375 0.403701 0.426223 0.382484 0.376242 0.383581 0.453542 0.386115 0.437603 0.384845 0.341551 0.376574 0.610385 0.388895 0.0348405 0.789779 0.082536 0.723251 0.0671362 0.789535</float_array>
          <technique_common>
            <accessor source="#mizugorou_00_0_0_TexCoord0_array_id" count="696" stride="2">
              <param name="S" type="float" />
              <param name="T" type="float" />
            </accessor>
          </technique_common>
        </source>
        <vertices id="mizugorou_00_0_0_vtx_id">
          <input semantic="POSITION" source="#mizugorou_00_0_0_Position_id" />
          <input semantic="NORMAL" source="#mizugorou_00_0_0_Normal_id" />
        </vertices>
        <triangles material="Mdl_0_Mtl_body" count="936">
          <input semantic="VERTEX" source="#mizugorou_00_0_0_vtx_id" offset="0" />
          <input semantic="TEXCOORD" source="#mizugorou_00_0_0_TexCoord0_id" offset="0" set="0" />
          <p>237 238 239 237 236 238 237 239 289 237 251 236 237 289 291 237 278 251 237 291 285 237 279 278 237 285 282 237 282 279 238 225 239 236 251 210 236 210 212 289 283 291 289 239 287 289 286 283 289 287 286 278 279 252 278 252 251 251 252 210 285 262 282 285 291 269 285 269 262 291 283 269 225 226 239 225 214 226 225 215 214 239 226 287 212 210 211 286 290 283 286 287 288 286 281 290 286 288 284 286 280 281 286 284 280 279 256 252 279 282 255 279 255 256 282 262 255 269 283 266 269 270 262 269 266 265 269 277 270 269 265 277 215 213 214 215 211 213 226 273 287 226 214 272 226 272 273 287 273 288 210 252 232 210 232 211 211 232 213 290 281 264 290 264 283 266 264 265 266 283 264 284 257 280 284 288 267 284 267 257 288 273 267 256 255 253 256 253 252 262 270 263 262 263 255 263 270 213 263 213 253 263 253 255 270 277 213 214 275 272 214 213 275 277 265 275 277 275 213 232 252 254 232 254 213 254 252 253 254 253 213 281 261 264 281 280 259 281 259 261 280 257 259 273 274 267 273 272 274 265 271 275 265 264 276 265 276 271 272 271 274 272 275 271 261 259 260 261 260 264 276 260 271 276 264 260 257 267 268 257 258 259 257 268 258 258 271 260 258 260 259 258 268 271 268 274 271 268 267 274 336 337 335 336 369 337 336 335 424 336 357 369 336 424 360 336 321 357 336 360 359 336 361 321 336 359 361 337 369 472 337 472 471 424 338 360 357 321 319 357 340 369 357 319 341 357 341 340 359 362 361 359 360 332 359 347 362 359 332 347 472 553 471 472 369 488 472 491 553 472 488 460 472 490 491 472 460 492 472 492 490 369 340 488 338 339 360 338 331 339 338 432 331 360 339 332 321 322 319 321 361 366 321 366 322 366 361 362 341 311 340 341 319 318 341 312 311 341 318 312 347 332 334 347 334 438 553 491 473 432 473 331 460 497 492 460 488 458 460 459 497 460 458 459 490 468 491 490 492 493 490 481 468 490 493 481 493 492 497 339 333 332 339 331 330 339 330 333 333 334 332 322 320 319 319 320 318 340 311 475 340 475 488 488 475 458 312 318 326 312 310 311 312 326 317 312 317 310 438 334 346 473 491 474 473 474 331 491 468 474 459 458 457 481 469 468 481 565 469 330 331 329 330 329 358 320 328 318 318 328 326 475 311 452 475 456 458 475 452 456 458 456 457 311 310 452 317 326 324 317 316 310 317 324 315 317 315 316 334 342 346 474 468 470 474 467 331 474 470 467 470 468 469 331 467 329 565 479 469 358 329 440 358 430 343 328 327 326 326 327 324 456 466 457 456 452 465 456 465 466 310 316 455 310 455 452 452 455 465 315 324 323 315 314 316 315 323 313 315 313 314 342 345 346 342 343 344 342 344 345 344 343 430 467 489 329 329 489 440 479 476 469 479 480 476 327 325 324 324 325 323 466 465 464 455 316 454 455 463 465 455 454 463 465 463 464 316 314 454 313 437 314 489 478 559 480 477 476 477 478 476 477 559 478 463 462 464 463 454 461 463 461 462 437 453 314 453 454 314 453 461 454 18 16 17 18 38 16 18 17 12 18 37 38 18 12 13 18 40 37 18 13 19 18 19 40 16 24 17 16 38 39 16 39 24 12 4 13 12 17 41 12 1 4 12 41 1 37 40 50 37 50 38 19 13 222 19 221 40 19 222 227 19 227 221 39 47 24 39 38 49 39 58 47 39 49 58 38 50 49 17 42 41 17 24 31 17 31 42 4 1 3 4 77 13 4 3 78 4 78 77 13 77 222 40 221 52 40 52 50 227 222 228 222 77 228 47 58 71 47 44 24 47 71 631 47 631 44 24 44 31 49 50 51 49 51 58 41 42 623 41 2 1 41 623 2 3 1 0 1 2 0 78 79 77 221 247 52 228 77 81 77 79 81 71 634 631 71 58 63 71 70 634 71 63 62 71 62 70 58 51 63 44 32 31 44 631 632 44 43 32 44 632 43 50 52 53 50 69 51 50 53 69 42 30 623 42 31 30 32 43 30 32 30 31 2 11 0 2 623 626 2 626 11 247 244 52 247 248 244 52 244 53 79 80 81 79 84 80 62 61 70 62 63 61 51 69 66 51 67 63 51 66 67 63 67 61 43 48 30 0 11 9 623 30 627 30 48 627 626 625 11 248 149 244 248 153 149 244 149 53 70 61 75 69 68 66 69 53 139 69 139 68 53 149 139 67 667 61 67 66 667 9 11 10 9 10 8 10 11 625 48 628 627 153 150 149 153 152 150 75 61 671 75 671 672 671 61 667 68 139 140 68 74 66 68 140 138 68 138 74 66 74 667 149 150 151 149 151 139 139 151 140 152 156 150 138 146 74 138 145 146 667 74 670 74 146 670 145 144 146 145 143 144 670 146 669 669 146 144 27 28 29 27 35 28 27 29 60 27 45 35 27 60 64 27 26 45 27 64 72 27 72 26 28 629 29 28 35 36 28 630 629 28 36 630 29 629 60 45 26 25 45 46 35 45 25 622 45 622 46 46 36 35 64 73 72 64 60 65 64 65 73 629 633 60 60 633 65 26 21 25 26 72 59 26 59 21 622 25 620 73 666 72 72 666 59 21 20 25 21 59 54 21 22 20 21 54 22 25 20 620 666 664 59 59 664 54 22 33 20 22 54 33 620 20 621 664 665 54 33 23 20 33 54 56 33 34 23 33 56 34 54 665 56 20 23 621 34 56 55 34 14 23 34 55 154 34 82 14 34 154 234 34 234 82 665 57 56 665 668 57 56 57 55 621 23 7 621 7 624 23 14 7 154 229 234 154 55 148 154 249 229 154 148 155 154 155 249 234 229 82 668 142 57 624 7 6 14 82 76 14 5 7 14 76 5 7 5 6 55 141 148 55 57 141 57 142 141 155 246 249 155 250 246 249 246 229 82 83 76 82 229 230 82 230 83 5 15 6 142 147 141 250 241 246 229 224 230 229 246 233 229 233 224 230 224 83 241 240 246 241 242 240 233 223 224 233 246 245 246 240 245 83 224 231 242 243 240 242 220 243 240 243 245 223 216 224 223 219 216 231 224 218 224 216 218 220 235 243 220 217 219 220 219 235 217 218 216 217 216 219 294 292 293 294 309 292 294 293 295 294 364 309 294 295 296 294 303 364 294 296 367 294 367 303 292 299 293 292 309 368 292 368 299 295 297 296 295 293 300 295 298 297 295 300 298 293 299 300 364 303 363 364 307 309 364 363 428 364 305 307 364 428 305 367 296 301 367 304 303 367 301 304 296 297 301 368 443 299 368 309 308 368 451 443 368 308 451 309 307 308 298 300 446 298 446 297 363 303 302 303 304 302 305 306 307 307 306 308 301 297 447 301 498 304 301 447 498 297 446 447 299 443 445 299 445 300 300 445 446 451 308 450 451 444 443 451 450 495 451 495 444 446 444 447 446 445 444 445 443 444 447 444 498 308 306 450 302 304 448 302 448 494 448 495 494 448 444 495 448 304 498 448 498 444 306 449 450 450 449 495 494 495 557 557 495 449 389 390 388 389 409 390 389 388 387 389 394 409 389 387 386 389 395 394 389 386 396 389 396 395 390 409 411 390 411 413 388 391 387 394 395 393 394 415 409 394 393 415 386 387 385 411 414 413 411 409 412 411 410 414 411 412 410 391 392 387 387 392 385 415 416 409 409 416 412 408 406 401 408 422 406 408 401 400 408 442 422 408 400 420 408 418 442 408 420 419 408 419 418 406 405 401 406 422 404 406 404 405 400 401 398 400 398 402 400 402 403 420 421 419 420 441 421 418 419 417 417 419 421 405 407 401 398 397 402 398 401 399 398 399 397 399 401 407 519 517 518 519 515 517 519 518 538 519 516 515 519 538 524 519 525 516 519 524 523 519 523 525 517 515 520 518 541 538 518 542 541 516 514 515 524 522 523 524 538 544 524 544 522 520 515 521 521 515 514 542 543 541 538 545 544 538 541 540 538 540 545 543 539 541 541 539 540 537 530 534 537 529 530 537 534 551 537 549 529 537 551 567 537 547 549 537 567 548 537 548 547 530 535 534 530 529 528 530 536 535 530 528 527 530 527 536 551 534 533 533 534 535 549 547 550 549 550 566 548 546 547 547 546 550 529 532 528 529 531 532 527 528 526 526 528 532 95 96 94 95 105 96 95 94 101 95 113 105 95 101 100 95 107 113 95 100 107 105 113 124 101 102 100 107 129 113 124 113 125 124 125 126 125 113 129 109 89 91 109 106 89 109 91 93 109 115 106 109 93 114 109 122 115 109 114 122 89 90 91 89 106 86 89 88 90 89 86 88 93 91 92 93 92 103 92 91 90 115 122 128 115 108 106 115 128 132 115 116 108 115 132 116 106 108 86 114 123 122 88 86 85 128 122 127 127 122 123 132 134 116 108 87 86 108 116 112 108 112 87 116 134 112 86 87 85 134 133 112 87 97 85 87 112 98 87 98 97 133 110 112 133 130 110 112 110 98 97 98 99 130 111 110 130 131 111 98 104 99 98 110 104 104 110 111 168 166 167 168 174 166 168 167 177 168 172 174 168 177 185 168 179 172 168 185 179 174 172 173 177 196 185 179 185 201 196 198 185 196 197 198 198 201 185 181 163 161 181 165 163 181 161 178 181 186 165 181 178 187 181 194 186 181 187 194 163 162 161 163 165 164 163 164 162 178 180 187 178 161 159 178 159 180 186 194 195 165 175 164 162 160 161 161 160 159 187 180 188 187 199 194 187 188 204 187 204 199 195 194 200 200 194 199 160 157 159 180 184 188 180 159 158 180 158 184 159 157 158 204 188 206 188 184 206 157 169 158 184 205 206 184 158 171 184 183 205 184 171 183 158 169 171 205 183 203 169 170 171 183 182 203 183 171 176 183 176 182 176 171 170 203 182 202 375 373 374 375 379 373 375 374 381 375 380 379 375 381 382 375 429 380 375 382 429 374 423 381 380 429 433 382 381 378 423 384 381 429 426 433 378 381 383 378 383 376 378 376 377 378 377 435 378 435 436 383 381 384 426 425 433 426 427 425 436 435 427 377 434 435 425 427 372 425 372 371 435 434 372 435 372 427 371 372 370 370 372 434 503 504 502 503 510 504 503 502 508 503 511 510 503 508 509 503 558 511 503 509 558 504 510 552 511 506 510 509 561 558 552 510 513 506 512 510 506 505 512 506 507 505 506 563 507 506 564 563 512 513 510 561 556 558 561 554 556 507 563 562 564 555 563 556 554 555 562 563 500 562 500 499 555 554 500 555 500 563 499 500 501 501 500 554 569 570 568 569 590 570 569 568 601 569 594 590 569 601 602 569 599 594 569 602 599 570 590 591 601 614 602 599 602 607 614 615 602 602 615 607 615 616 607 571 572 573 571 582 572 571 573 593 571 575 582 571 593 587 571 576 575 571 587 576 572 583 573 572 582 606 572 603 583 572 606 603 593 573 592 575 576 574 575 605 582 575 574 608 575 608 605 582 605 606 587 585 576 576 585 574 583 603 604 583 584 573 573 584 592 608 611 605 608 574 610 608 618 611 608 610 618 606 613 603 606 605 612 606 612 613 612 605 611 603 613 604 585 586 574 610 617 618 610 574 588 610 609 617 610 588 609 574 586 588 613 619 604 609 588 595 586 589 588 588 589 595 589 596 595 635 636 637 635 645 636 635 637 653 635 691 645 635 653 673 635 688 691 635 673 688 636 659 637 636 645 646 636 658 659 636 646 658 673 687 688 646 660 658 652 648 650 652 647 648 652 650 649 652 676 647 652 649 683 652 684 676 652 683 684 648 661 650 648 647 643 648 656 661 648 643 656 649 686 683 649 650 651 649 654 686 649 651 654 676 684 685 676 674 647 676 685 674 661 662 650 650 662 651 643 655 656 643 647 641 643 642 655 643 641 642 647 674 641 686 654 692 685 689 674 655 642 657 641 674 644 641 644 642 689 675 674 689 690 675 674 675 644 657 642 640 657 640 639 657 639 663 642 644 640 690 682 675 639 640 638 638 640 644 638 675 682 638 644 675 348 349 350 348 431 349 348 350 482 348 482 560 351 352 353 351 439 352 351 484 439 351 483 484 353 352 365 353 365 354 483 496 484 483 485 496 365 355 354 485 487 496 485 486 487 355 356 354 577 578 579 577 598 578 577 580 598 577 581 580 579 578 597 578 600 597 677 678 679 677 679 694 677 694 680 677 680 681 678 693 679 693 695 679 117 118 119 117 136 118 117 137 136 119 118 120 119 120 121 137 135 136 189 190 191 189 191 209 189 209 208 190 193 191 190 192 193 209 207 208</p>
        </triangles>
      </mesh>
    </geometry>
    <geometry id="mizugorou_00_1_0_geo_id" name="mizugorou_00_1_0">
      <mesh>
        <source id="mizugorou_00_1_0_Position_id" name="mizugorou_00_1_0_Position">
          <float_array id="mizugorou_00_1_0_Position_array_id" count="36">0.0532809 0.167621 0.14533 0.0392784 0.205302 0.141838 0.0374232 0.168377 0.153661 0.0196698 0.210189 0.147551 0.056907 0.19871 0.134663 0.0188105 0.169623 0.160463 -0.053281 0.167621 0.14533 -0.0374233 0.168377 0.153661 -0.0392785 0.205302 0.141838 -0.0196699 0.210189 0.147551 -0.0569071 0.19871 0.134663 -0.0188107 0.169623 0.160463</float_array>
          <technique_common>
            <accessor source="#mizugorou_00_1_0_Position_array_id" count="12" stride="3">
              <param name="X" type="float" />
              <param name="Y" type="float" />
              <param name="Z" type="float" />
            </accessor>
          </technique_common>
        </source>
        <source id="mizugorou_00_1_0_Normal_id" name="mizugorou_00_1_0_Normal">
          <float_array id="mizugorou_00_1_0_Normal_array_id" count="36">0.582106 0.0419514 0.81203 0.427315 0.424561 0.798217 0.40292 0.0757261 0.912097 0.263968 0.465927 0.844531 0.611802 0.328229 0.719697 0.233152 0.107323 0.9665 -0.582107 0.0419514 0.81203 -0.40292 0.075726 0.912097 -0.427316 0.424561 0.798217 -0.263969 0.465927 0.844531 -0.611803 0.328228 0.719697 -0.233152 0.107323 0.9665</float_array>
          <technique_common>
            <accessor source="#mizugorou_00_1_0_Normal_array_id" count="12" stride="3">
              <param name="X" type="float" />
              <param name="Y" type="float" />
              <param name="Z" type="float" />
            </accessor>
          </technique_common>
        </source>
        <source id="mizugorou_00_1_0_TexCoord0_id" name="mizugorou_00_1_0_TexCoord0">
          <float_array id="mizugorou_00_1_0_TexCoord0_array_id" count="24">1.20554 0.525721 1.13641 0.937277 1.11457 0.519299 1.03203 0.983605 1.23489 0.878479 1.01379 0.523896 1.20554 0.525721 1.11457 0.519299 1.13641 0.937277 1.03203 0.983605 1.23489 0.878479 1.01379 0.523896</float_array>
          <technique_common>
            <accessor source="#mizugorou_00_1_0_TexCoord0_array_id" count="12" stride="2">
              <param name="S" type="float" />
              <param name="T" type="float" />
            </accessor>
          </technique_common>
        </source>
        <vertices id="mizugorou_00_1_0_vtx_id">
          <input semantic="POSITION" source="#mizugorou_00_1_0_Position_id" />
          <input semantic="NORMAL" source="#mizugorou_00_1_0_Normal_id" />
        </vertices>
        <triangles material="Mdl_0_Mtl_eye" count="8">
          <input semantic="VERTEX" source="#mizugorou_00_1_0_vtx_id" offset="0" />
          <input semantic="TEXCOORD" source="#mizugorou_00_1_0_TexCoord0_id" offset="0" set="0" />
          <p>1 2 0 1 3 2 1 0 4 3 5 2 7 8 6 7 9 8 7 11 9 6 8 10</p>
        </triangles>
      </mesh>
    </geometry>
    <geometry id="mizugorou_00_2_0_geo_id" name="mizugorou_00_2_0">
      <mesh>
        <source id="mizugorou_00_2_0_Position_id" name="mizugorou_00_2_0_Position">
          <float_array id="mizugorou_00_2_0_Position_array_id" count="84">0.0465973 0.117028 0.114687 0.0618982 0.110551 0.0908365 0.0619541 0.120949 0.11103 0.0481314 0.148829 0.145248 0.0475747 0.132775 0.134659 0.0648724 0.149445 0.130926 0 0.111174 0.122132 0.0250177 0.103166 0.0952234 0.025374 0.113613 0.118711 0.0260562 0.131227 0.14312 0 0.129871 0.148352 0.0458747 0.10721 0.0928463 0 0.100481 0.0974368 0.0629701 0.133846 0.123734 0.0263728 0.148162 0.155836 0 0.147783 0.162392 -0.0465974 0.117028 0.114687 -0.0619542 0.120949 0.11103 -0.0618983 0.110551 0.0908364 -0.0481315 0.148829 0.145248 -0.0648725 0.149445 0.130926 -0.0475748 0.132775 0.134659 -0.0253741 0.113613 0.118711 -0.0250178 0.103166 0.0952234 -0.0260563 0.131227 0.14312 -0.0458748 0.10721 0.0928463 -0.0629702 0.133846 0.123734 -0.0263729 0.148162 0.155836</float_array>
          <technique_common>
            <accessor source="#mizugorou_00_2_0_Position_array_id" count="28" stride="3">
              <param name="X" type="float" />
              <param name="Y" type="float" />
              <param name="Z" type="float" />
            </accessor>
          </technique_common>
        </source>
        <source id="mizugorou_00_2_0_Normal_id" name="mizugorou_00_2_0_Normal">
          <float_array id="mizugorou_00_2_0_Normal_array_id" count="84">0.299068 -0.807225 0.508868 0.258711 -0.920293 0.293478 0.327283 -0.767005 0.551896 0.439049 -0.51938 0.733131 0.414487 -0.624927 0.661565 0.568035 -0.432649 0.700108 0 -0.869606 0.493747 0.17324 -0.943087 0.283856 0.208762 -0.846773 0.48928 0.253357 -0.689336 0.678694 0 -0.684904 0.728634 0.243328 -0.934878 0.258448 0 -0.968838 0.247695 0.445217 -0.609203 0.656242 0.25591 -0.588109 0.767227 0 -0.616899 0.787042 -0.299068 -0.807225 0.508867 -0.327282 -0.767006 0.551896 -0.25871 -0.920293 0.293478 -0.439049 -0.51938 0.733131 -0.568036 -0.432649 0.700107 -0.414487 -0.624927 0.661564 -0.208763 -0.846773 0.48928 -0.17324 -0.943087 0.283856 -0.253356 -0.689336 0.678695 -0.243329 -0.934877 0.258448 -0.445217 -0.609204 0.656241 -0.255911 -0.588109 0.767227</float_array>
          <technique_common>
            <accessor source="#mizugorou_00_2_0_Normal_array_id" count="28" stride="3">
              <param name="X" type="float" />
              <param name="Y" type="float" />
              <param name="Z" type="float" />
            </accessor>
          </technique_common>
        </source>
        <source id="mizugorou_00_2_0_TexCoord0_id" name="mizugorou_00_2_0_TexCoord0">
          <float_array id="mizugorou_00_2_0_TexCoord0_array_id" count="56">-0.843643 0.6606 -0.792628 0.528707 -0.794942 0.656551 -0.832126 0.910226 -0.840362 0.802995 -0.772627 0.852192 -0.985373 0.674239 -0.907664 0.522339 -0.909001 0.667089 -0.907006 0.835997 -0.985373 0.855393 -0.842494 0.525878 -0.985373 0.523707 -0.788957 0.758582 -0.902501 0.955169 -0.985373 0.982655 -0.843643 0.6606 -0.794942 0.656551 -0.792628 0.528707 -0.832126 0.910226 -0.772627 0.852192 -0.840362 0.802995 -0.909001 0.667089 -0.907664 0.522339 -0.907006 0.835997 -0.842494 0.525878 -0.788957 0.758582 -0.902501 0.955169</float_array>
          <technique_common>
            <accessor source="#mizugorou_00_2_0_TexCoord0_array_id" count="28" stride="2">
              <param name="S" type="float" />
              <param name="T" type="float" />
            </accessor>
          </technique_common>
        </source>
        <vertices id="mizugorou_00_2_0_vtx_id">
          <input semantic="POSITION" source="#mizugorou_00_2_0_Position_id" />
          <input semantic="NORMAL" source="#mizugorou_00_2_0_Normal_id" />
        </vertices>
        <triangles material="Mdl_0_Mtl_mouth" count="36">
          <input semantic="VERTEX" source="#mizugorou_00_2_0_vtx_id" offset="0" />
          <input semantic="TEXCOORD" source="#mizugorou_00_2_0_TexCoord0_id" offset="0" set="0" />
          <p>6 7 8 6 12 7 6 8 9 6 23 12 6 9 10 6 22 23 6 10 24 6 24 22 7 11 8 9 14 10 9 8 4 9 3 14 9 4 3 23 22 25 24 10 27 24 21 22 24 27 19 24 19 21 11 0 8 11 1 0 8 0 4 14 15 10 10 15 27 3 4 5 25 22 16 25 16 18 22 21 16 19 20 21 1 2 0 4 13 5 4 0 13 13 0 2 18 16 17 20 26 21 26 16 21 26 17 16</p>
        </triangles>
      </mesh>
    </geometry>
    <geometry id="scarf_3_0_geo_id" name="scarf_3_0">
      <mesh>
        <source id="scarf_3_0_Position_id" name="scarf_3_0_Position">
          <float_array id="scarf_3_0_Position_array_id" count="315">0.0392402 0.0950872 0.0726509 0.0431431 0.102089 0.0617662 0.0353014 0.10037 0.0720662 0.0431431 0.102089 0.0617662 0.0389916 0.0900393 0.0725829 0.0353014 0.10037 0.0720662 0.0389916 0.0900393 0.0725829 0.00513371 0.0768626 0.0872236 0.0087337 0.0787111 0.086882 0.00590596 0.0861972 0.0933598 0.00990202 0.08651 0.0916294 0.00544627 0.0938939 0.0906339 0.00939324 0.0931197 0.0900433 0.00506742 0.0976362 0.0835942 0 0.0941514 0.090607 0 0.0977277 0.0837978 0 0.086172 0.0944483 0 0.0760957 0.0873315 0.00479709 0.0815556 0.0824675 0 0.0806097 0.0828792 0.0506644 0.0642079 0.105807 0.0457295 0.0500423 0.115122 0.0353691 0.0471254 0.0996314 0.0566172 0.0802371 0.123654 0.0630942 0.0455597 0.136981 0.00598598 0.0893126 0.0860109 0.0328368 0.0890941 0.105519 0.0457295 0.0500423 0.115122 0.0462712 0.0623207 0.116076 0.0353691 0.0471254 0.0996314 0.00598598 0.0893126 0.0860109 0.0630942 0.0455597 0.136981 0.0566172 0.0802371 0.123654 0.0328368 0.0890941 0.105519 -0.0523953 0.0455239 0.114649 -0.0503081 0.0626871 0.115148 -0.0697939 0.0383226 0.139495 -0.0376869 0.0899391 0.101178 -0.0051595 0.0882165 0.0851007 -0.056565 0.0583603 0.10862 -0.0523953 0.0455239 0.114649 -0.0697939 0.0383226 0.139495 -0.0683652 0.0796946 0.12202 -0.0376869 0.0899391 0.101178 -0.0051595 0.0882165 0.0851007 -0.0344853 0.0453228 0.100057 -0.0683652 0.0796946 0.12202 -0.0344853 0.0453228 0.100057 0.0277908 0.0995127 0.0759218 0.0324963 0.091793 0.0783209 0.0306257 0.084319 0.0771438 0.0306257 0.084319 0.0771438 0.0277908 0.0995127 0.0759218 0.00825038 0.0842771 0.0822355 0.0113317 0.0887879 0.0849411 0.00884294 0.0973826 0.0823166 0.01966 0.0816775 0.080601 0.0210123 0.0894247 0.0833848 0.0177761 0.0981462 0.0792455 0.01966 0.0816775 0.080601 0.0177761 0.0981462 0.0792455 0 0.0977277 0.0837978 0.00506742 0.0976362 0.0835942 0 0.0806097 0.0828792 0.00884294 0.0973826 0.0823166 0.00479709 0.0815556 0.0824675 0.00825038 0.0842771 0.0822355 0.0113317 0.0887879 0.0849411 0.00884294 0.0973826 0.0823166 0.00825038 0.0842771 0.0822355 -0.0392401 0.0950872 0.072651 -0.0353013 0.10037 0.0720662 -0.043143 0.102089 0.0617662 -0.043143 0.102089 0.0617662 -0.0353013 0.10037 0.0720662 -0.0389915 0.0900393 0.072583 -0.0389915 0.0900393 0.072583 -0.00990188 0.08651 0.0916294 -0.00873357 0.0787111 0.086882 -0.00590581 0.0861972 0.0933598 -0.00513358 0.0768626 0.0872236 -0.00544612 0.093894 0.0906339 -0.0093931 0.0931197 0.0900433 -0.00506728 0.0976362 0.0835942 -0.00479697 0.0815556 0.0824675 -0.0277907 0.0995127 0.0759219 -0.0324962 0.0917931 0.078321 -0.0306256 0.0843191 0.0771439 -0.0277907 0.0995127 0.0759219 -0.0306256 0.0843191 0.0771439 -0.00825026 0.0842771 0.0822355 -0.0113316 0.0887879 0.0849411 -0.00884281 0.0973826 0.0823166 -0.0210122 0.0894248 0.0833848 -0.0196598 0.0816775 0.080601 -0.017776 0.0981462 0.0792455 -0.0196598 0.0816775 0.080601 -0.017776 0.0981462 0.0792455 -0.00506728 0.0976362 0.0835942 -0.00884281 0.0973826 0.0823166 -0.00479697 0.0815556 0.0824675 -0.00825026 0.0842771 0.0822355 -0.0113316 0.0887879 0.0849411 -0.00884281 0.0973826 0.0823166 -0.00825026 0.0842771 0.0822355</float_array>
          <technique_common>
            <accessor source="#scarf_3_0_Position_array_id" count="105" stride="3">
              <param name="X" type="float" />
              <param name="Y" type="float" />
              <param name="Z" type="float" />
            </accessor>
          </technique_common>
        </source>
        <source id="scarf_3_0_Normal_id" name="scarf_3_0_Normal">
          <float_array id="scarf_3_0_Normal_array_id" count="315">0.714936 0.205863 0.668197 0.845121 0.257326 0.468566 0.522589 0.497861 0.692123 -0.736348 -0.293538 -0.609613 -0.58742 -0.235658 -0.774212 -0.58742 -0.235658 -0.774212 0.82111 -0.121109 0.557773 0.354376 -0.932706 0.0669196 0.761156 -0.64828 -0.0193359 0.244278 -0.115674 0.962781 0.823809 -0.0860256 0.560302 0.171662 0.652067 0.738472 0.578269 0.548705 0.603762 0.131423 0.877165 0.461855 0 0.676549 0.736397 0 0.884556 0.466433 0 -0.100777 0.994909 0 -0.996211 0.0869738 0.109949 -0.46353 -0.879233 0 -0.356375 -0.934343 0.727817 -0.0477105 -0.68411 0.668069 -0.55709 -0.49329 0.624927 -0.298788 -0.721244 0.823407 0.2573 -0.505765 0.816115 -0.290825 -0.499376 0.483243 0.185283 -0.855656 0.595469 0.418641 -0.685679 -0.80809 -0.0100972 0.588973 -0.711794 -0.0186883 0.702139 -0.765859 -0.13164 0.629389 -0.642845 -0.116099 0.757147 -0.754915 0.0571775 0.653325 -0.665329 0.0698234 0.743278 -0.59561 0.017767 0.803077 0.736983 -0.108995 0.667066 0.614818 0.066367 0.785872 0.728048 0.096013 0.67877 0.473149 0.218392 0.853484 0.532433 0.052724 0.844829 -0.614805 -0.175024 -0.769013 -0.598762 -0.491538 -0.632356 -0.766479 -0.33671 -0.546934 -0.752725 -0.00283501 -0.65833 -0.519134 0.110615 -0.847505 -0.415377 -0.0013834 -0.909648 0.614722 -0.117664 0.779918 0.541033 0.249955 0.802998 -0.488156 -0.284899 -0.824946 0.328011 0.456679 0.826954 0.452356 0.11359 0.884574 0.515153 -0.247467 0.820596 -0.346918 -0.142965 -0.926935 -0.346918 -0.142965 -0.926935 0.412752 -0.523221 -0.745571 0.766018 -0.019727 0.642517 0.541123 0.594356 0.594917 0.249356 -0.377244 0.891913 0.257713 0.0350977 0.965584 0.22161 0.436184 0.872143 -0.257271 -0.0859554 -0.962509 -0.257271 -0.0859554 -0.962509 0 0.0565712 -0.998399 -0.127848 0.056107 -0.990206 0 -0.356375 -0.934343 -0.179178 0.00210805 -0.983814 0.109949 -0.46353 -0.879233 0.412752 -0.523221 -0.745571 0.766018 -0.019727 0.642517 0.541123 0.594356 0.594917 0.412752 -0.523221 -0.745571 -0.714935 0.205863 0.668198 -0.522588 0.497862 0.692124 -0.84512 0.257327 0.468566 0.736347 -0.293538 -0.609613 0.587418 -0.235659 -0.774212 0.587418 -0.235659 -0.774212 -0.821109 -0.121109 0.557775 -0.823808 -0.0860253 0.560303 -0.761156 -0.64828 -0.0193341 -0.244276 -0.115674 0.962782 -0.354376 -0.932706 0.0669204 -0.171661 0.652067 0.738472 -0.578267 0.548705 0.603763 -0.131422 0.877165 0.461855 -0.10995 -0.46353 -0.879233 -0.328009 0.456678 0.826955 -0.452354 0.113589 0.884575 -0.515151 -0.247466 0.820597 0.346916 -0.142964 -0.926936 0.346916 -0.142964 -0.926936 -0.412753 -0.523221 -0.74557 -0.766016 -0.0197268 0.642518 -0.541122 0.594356 0.594919 -0.257711 0.0350977 0.965584 -0.249355 -0.377244 0.891913 -0.221608 0.436183 0.872143 0.257269 -0.0859553 -0.962509 0.257269 -0.0859553 -0.962509 0.127846 0.056107 -0.990206 0.179176 0.00210802 -0.983815 -0.10995 -0.46353 -0.879233 -0.412753 -0.523221 -0.74557 -0.766016 -0.0197268 0.642518 -0.541122 0.594356 0.594919 -0.412753 -0.523221 -0.74557</float_array>
          <technique_common>
            <accessor source="#scarf_3_0_Normal_array_id" count="105" stride="3">
              <param name="X" type="float" />
              <param name="Y" type="float" />
              <param name="Z" type="float" />
            </accessor>
          </technique_common>
        </source>
        <source id="scarf_3_0_TexCoord0_id" name="scarf_3_0_TexCoord0">
          <float_array id="scarf_3_0_TexCoord0_array_id" count="210">0.144748 0.761732 0.0926912 0.783987 0.170182 0.821226 0.112289 0.049673 0.0989537 0.0376655 0.112289 0.0376655 0.119314 0.702239 0.912582 0.260561 0.887902 0.260561 0.912582 0.310104 0.887902 0.310104 0.912582 0.459877 0.887902 0.459877 0.89658 0.501602 0.954141 0.459877 0.954141 0.501611 0.954141 0.310104 0.954141 0.260561 0.89658 0.217459 0.954141 0.217459 0.269169 0.21806 0.294279 0.0728231 0.175165 0.133275 0.374763 0.296224 0.471807 0.0137939 0.0550523 0.413309 0.20088 0.390807 0.289562 0.0960191 0.292 0.196483 0.209216 0.102936 0.0224248 0.442458 0.470729 0.0150571 0.38725 0.313525 0.187328 0.412153 0.78816 0.592478 0.747817 0.75423 0.942202 0.551391 0.661875 0.951812 0.491678 0.97654 0.728632 0.770733 0.739151 0.631519 0.915186 0.573331 0.82249 0.870954 0.647107 0.953424 0.496446 0.970835 0.673697 0.631916 0.864159 0.866204 0.632182 0.662255 0.218521 0.800561 0.193087 0.741067 0.167653 0.681573 0.0989537 0.025658 0.112289 0.025658 0.82763 0.217459 0.82763 0.359535 0.82763 0.501611 0.215737 0.659913 0.241171 0.719406 0.266605 0.7789 0.0989537 0.0226561 0.112289 0.0226561 0.112289 0.0136505 0.112797 0.017268 0.0989537 0.0136505 0.112289 0.0196543 0.0995027 0.0172254 0.0989537 0.0196543 0.294291 0.696487 0.319724 0.755981 0.268857 0.636993 0.144748 0.761732 0.170182 0.821226 0.0926912 0.783987 0.112289 0.049673 0.112289 0.0376655 0.0989537 0.0376655 0.119314 0.702239 0.887902 0.310104 0.887902 0.260561 0.912582 0.310104 0.912582 0.260561 0.912582 0.459877 0.887902 0.459877 0.89658 0.501602 0.89658 0.217459 0.218521 0.800561 0.193087 0.741067 0.167653 0.681573 0.112289 0.025658 0.0989537 0.025658 0.82763 0.217459 0.82763 0.359535 0.82763 0.501611 0.241171 0.719406 0.215737 0.659913 0.266605 0.7789 0.0989537 0.0226561 0.112289 0.0226561 0.112797 0.017268 0.112289 0.0196543 0.0995027 0.0172254 0.0989537 0.0196543 0.294291 0.696487 0.319724 0.755981 0.268857 0.636993</float_array>
          <technique_common>
            <accessor source="#scarf_3_0_TexCoord0_array_id" count="105" stride="2">
              <param name="S" type="float" />
              <param name="T" type="float" />
            </accessor>
          </technique_common>
        </source>
        <vertices id="scarf_3_0_vtx_id">
          <input semantic="POSITION" source="#scarf_3_0_Position_id" />
          <input semantic="NORMAL" source="#scarf_3_0_Normal_id" />
        </vertices>
        <triangles material="Mdl_0_Mtl_PG_scarf" count="114">
          <input semantic="VERTEX" source="#scarf_3_0_vtx_id" offset="0" />
          <input semantic="TEXCOORD" source="#scarf_3_0_TexCoord0_id" offset="0" set="0" />
          <p>16 9 11 16 7 9 16 11 14 16 17 7 16 14 81 16 80 17 16 81 79 16 79 80 9 12 11 9 7 8 9 10 12 9 8 10 14 83 81 14 11 13 14 15 83 14 13 15 11 12 13 17 80 19 17 19 7 79 81 82 79 78 80 79 82 77 79 77 78 81 83 82 8 53 10 8 7 18 8 18 53 18 7 19 12 55 13 12 10 54 12 54 55 54 10 53 80 78 84 80 84 19 77 82 91 77 90 78 77 91 90 90 84 78 83 92 82 82 92 91 20 21 22 20 24 21 20 22 25 20 23 24 20 25 26 20 26 23 28 29 27 28 30 29 28 27 31 28 33 30 28 31 32 28 32 33 35 36 34 35 46 36 35 34 45 35 37 46 35 45 38 35 38 37 39 40 41 39 47 40 39 41 42 39 44 47 39 42 43 39 43 44 49 2 48 49 0 2 49 48 57 49 6 0 49 57 50 49 50 6 2 0 1 1 0 6 48 58 57 50 57 56 58 67 57 58 68 67 57 67 56 67 69 56 86 85 71 86 93 85 86 71 70 86 87 93 86 70 76 86 76 87 85 93 95 71 72 70 70 72 76 87 94 93 95 93 102 95 102 103 93 94 102 94 104 102 63 61 62 63 98 61 63 62 64 63 99 98 63 64 65 63 100 99 64 66 65 64 60 66 100 101 99 60 59 66 60 51 59 60 52 51 101 97 99 101 96 97 52 4 51 52 5 4 96 89 97 5 3 4 89 88 97 89 75 88 75 74 88 75 73 74</p>
        </triangles>
      </mesh>
    </geometry>
  </library_geometries>
  <library_controllers>
    <controller id="mizugorou_00_0_0_ctrl_id" name="mizugorou_00_0_0_ctrl">
      <skin source="#mizugorou_00_0_0_geo_id">
        <bind_shape_matrix>1 0 0 0 0 1 0 0 0 0 1 0 0 0 0 1</bind_shape_matrix>
        <source id="mizugorou_00_0_0_ctrl_names_id" name="mizugorou_00_0_0_ctrl_names">
          <Name_array id="mizugorou_00_0_0_ctrl_names_array_id" count="27">root PG_root Pelvis L_Thigh L_Calf L_Foot R_Thigh R_Calf R_Foot Spine L_UpperArm L_Forearm L_Hand PT_L_hand PG_Neck Head PT_head PT_mouth PT_center PT_scarf R_UpperArm R_Forearm PT_R_hand R_Hand Tail mizugorou_00 scarf</Name_array>
          <technique_common>
            <accessor source="#mizugorou_00_0_0_ctrl_names_array_id" count="27" stride="1">
              <param name="JOINT" type="Name" />
            </accessor>
          </technique_common>
        </source>
        <source id="mizugorou_00_0_0_ctrl_poses_id" name="mizugorou_00_0_0_ctrl_poses">
          <float_array id="mizugorou_00_0_0_ctrl_poses_array_id" count="432">1 0 0 0 0 1 0 0 0 0 1 0 0 0 0 1 1 0 0 0 0 -3.55746E-06 -1 0 0 1 -3.55746E-06 0 0 0 0 1 -3.55746E-06 3.55746E-06 1 0.0442037 6.366522E-06 -1 3.557483E-06 0.0652577 1 6.366535E-06 3.557438E-06 -2.582117E-07 0 0 0 1 5.780233E-05 -0.9374638 -0.3483012 0.04577816 0.009412145 -0.3483099 0.9374886 0.06377397 -1.000028 -0.003332446 0.008803401 0.04273427 0 0 0 1 -6.51132E-05 -0.9828249 0.1854495 0.0466381 0.009870802 0.1853795 0.9827939 0.0464104 -1.000093 0.001893969 0.009688319 0.04259128 0 0 0 1 -6.51132E-05 -0.9828249 0.1854495 0.0118567 0.009870802 0.1853795 0.9827939 0.04511986 -1.000093 0.001893969 0.009688319 0.0425809 0 0 0 1 -3.992545E-05 -0.9374636 -0.3483012 0.0457783 -0.009454456 -0.3483099 0.9374883 0.06377227 -1.000027 0.003330425 -0.008849291 -0.04273615 0 0 0 1 5.996753E-05 -0.9828842 0.1851157 0.04662137 -0.009916277 0.1850455 0.9828528 0.0464245 -1.000092 -0.001894012 -0.009734635 -0.04259325 0 0 0 1 5.996753E-05 -0.9828842 0.1851157 0.01184037 -0.009916277 0.1850455 0.9828528 0.0451219 -1.000092 -0.001894012 -0.009734635 -0.04258265 0 0 0 1 -2.214674E-06 4.077688E-05 1.000001 0.005424277 2.250135E-06 -1.000001 4.077688E-05 0.06775356 1 2.250221E-06 2.21458E-06 1.339447E-08 0 0 0 1 3.803565E-06 -0.9945024 -0.1053238 0.0652567 -0.06604104 -0.1051009 0.9923951 -0.040212 -0.9978814 0.006951916 -0.06567834 0.0445535 0 0 0 1 6.950733E-07 -0.9651034 0.2622564 0.02116902 0.02919352 0.26213 0.964803 -0.05563929 -0.9997089 0.00765351 0.02817638 0.04019656 0 0 0 1 6.950733E-07 -0.9651034 0.2622564 -0.01333818 0.02919352 0.26213 0.964803 -0.06249589 -0.9997089 0.00765351 0.02817638 0.03998828 0 0 0 1 1.000181 4.018182E-06 9.962608E-06 -0.0417329 1.194531E-05 -6.680354E-06 -1.000298 0.05933589 -3.470697E-06 1.000148 3.169426E-05 0.006023414 0 0 0 1 -4.091384E-06 0.9713213 0.2379825 -0.13295 -2.696337E-06 -0.2379825 0.9713213 -0.02589671 1 3.332137E-06 3.592463E-06 -1.978872E-07 0 0 0 1 -1.987021E-05 0.9982328 -0.06128539 -0.1401941 -3.790181E-06 0.06128538 0.9982326 -0.07073312 1 2.006673E-05 2.565062E-06 -2.548132E-06 0 0 0 1 1 1.651556E-05 2.783082E-06 -3.205653E-06 2.773804E-06 0.0005959905 -1.000187 0.1495625 -1.651725E-05 1.000187 0.0005959605 -0.2508458 0 0 0 1 1 1.651556E-05 2.783082E-06 -2.148792E-06 2.773804E-06 0.0005959905 -1.000187 0.1495594 -1.651725E-05 1.000187 0.0005959605 -0.1217498 0 0 0 1 1 2.250076E-06 -1.342882E-06 -1.483005E-09 -1.342863E-06 -7.261839E-06 -1.000001 -0.004184363 -2.250091E-06 1.000001 -7.261837E-06 -0.06875259 0 0 0 1 1 8.616978E-06 2.262239E-06 -5.507227E-07 -8.61727E-06 1.000129 2.013352E-06 -0.08793611 -2.262506E-06 -2.012445E-06 1.000129 -0.09071067 0 0 0 1 3.802168E-06 -0.9945024 -0.1053238 0.06525675 0.06603711 -0.1051004 0.9923955 -0.04021202 -0.9978817 -0.00695905 0.06567365 -0.04455334 0 0 0 1 4.825449E-06 -0.9651032 0.2622574 0.021169 -0.02919988 0.2621307 0.9648027 -0.05563933 -0.9997087 -0.007660537 -0.02818106 -0.04019642 0 0 0 1 1.000181 2.900608E-06 -5.255079E-06 0.04174639 -7.230519E-06 -3.47846E-06 -1.000298 0.05933534 -3.444445E-06 1.000147 3.492562E-05 0.006041689 0 0 0 1 4.825449E-06 -0.9651032 0.2622574 -0.0133383 -0.02919988 0.2621307 0.9648027 -0.06249588 -0.9997087 -0.007660537 -0.02818106 -0.03998815 0 0 0 1 4.102396E-07 -9.367383E-07 -1 -0.07980818 -1.914388E-06 1 -9.36739E-07 -0.06378835 1 1.914389E-06 4.102378E-07 -2.253894E-07 0 0 0 1 1 0 0 0 0 1 0 0 0 0 1 0 0 0 0 1 1 0 0 0 0 1 0 -0.0848516 0 0 1 -0.0942853 0 0 0 1</float_array>
          <technique_common>
            <accessor source="#mizugorou_00_0_0_ctrl_poses_array_id" count="27" stride="16">
              <param name="TRANSFORM" type="float4x4" />
            </accessor>
          </technique_common>
        </source>
        <source id="mizugorou_00_0_0_ctrl_weights_id" name="mizugorou_00_0_0_ctrl_weights">
          <float_array id="mizugorou_00_0_0_ctrl_weights_array_id" count="4">0.75 0.25 1 0.5</float_array>
          <technique_common>
            <accessor source="#mizugorou_00_0_0_ctrl_weights_array_id" count="4" stride="1">
              <param name="WEIGHT" type="float" />
            </accessor>
          </technique_common>
        </source>
        <joints>
          <input semantic="JOINT" source="#mizugorou_00_0_0_ctrl_names_id" />
          <input semantic="INV_BIND_MATRIX" source="#mizugorou_00_0_0_ctrl_poses_id" />
        </joints>
        <vertex_weights count="696">
          <input semantic="JOINT" source="#mizugorou_00_0_0_ctrl_names_id" offset="0" />
          <input semantic="WEIGHT" source="#mizugorou_00_0_0_ctrl_weights_id" offset="1" />
          <vcount>2 2 1 2 2 2 1 1 2 2 1 1 2 1 1 2 1 1 2 1 1 1 1 1 1 1 1 1 1 1 1 1 1 1 1 1 1 2 1 1 1 1 1 1 1 1 1 1 1 1 2 1 1 1 1 1 1 1 1 1 1 1 1 1 1 1 1 1 2 2 1 1 1 1 1 1 2 1 2 2 1 1 1 1 2 2 2 2 2 2 2 2 2 2 2 2 2 2 2 2 2 2 2 2 2 1 1 1 1 1 1 1 1 1 1 1 1 1 1 1 1 1 1 1 1 1 1 1 1 1 1 1 1 1 1 1 1 1 2 2 2 2 1 2 1 2 1 2 2 1 2 2 1 1 1 1 2 2 2 2 2 2 2 2 2 2 2 2 2 2 2 2 2 2 2 2 2 1 1 1 1 1 1 1 1 1 1 1 1 1 1 1 1 1 1 1 1 1 1 1 1 1 1 1 1 1 1 1 1 1 1 2 2 1 1 2 1 1 1 2 1 1 1 2 1 2 1 1 1 1 1 1 1 2 1 2 2 1 2 1 1 1 1 2 1 2 1 1 1 1 1 1 1 1 1 1 1 1 1 1 1 1 1 1 1 1 1 1 1 1 1 1 1 1 1 1 1 1 1 1 1 1 1 1 1 1 1 1 1 1 1 1 1 1 1 1 1 1 1 1 1 1 1 1 1 1 1 1 1 1 1 1 1 1 1 1 1 1 1 1 1 1 1 1 1 1 1 1 1 1 1 1 1 1 1 1 1 1 1 1 1 1 1 1 1 1 1 1 1 1 1 1 1 1 1 1 1 1 1 1 1 1 1 1 1 1 1 1 1 1 1 1 1 1 1 1 1 1 1 1 1 1 1 1 1 1 1 1 1 1 1 1 1 1 1 1 1 1 1 1 1 1 1 1 1 1 1 1 1 1 1 1 1 1 1 1 1 1 1 1 1 1 1 1 1 1 1 1 1 1 1 1 1 1 1 1 1 1 1 1 1 1 1 1 1 1 1 1 1 1 1 1 1 1 1 1 1 1 1 1 1 1 1 1 1 1 1 1 1 1 1 1 1 1 1 1 1 1 1 1 1 1 1 1 1 1 1 1 1 1 1 1 1 1 1 1 1 1 1 1 1 1 1 1 1 1 1 1 1 1 1 1 1 1 1 1 1 1 1 1 1 1 1 1 1 1 1 1 1 1 1 1 1 1 1 1 1 1 1 1 1 1 1 1 1 1 1 1 1 1 1 1 1 1 1 1 1 1 1 1 1 1 1 1 1 1 1 1 1 1 1 1 1 1 1 1 1 1 1 1 1 1 1 1 1 1 1 1 1 1 1 1 1 1 1 1 1 1 1 1 1 2 2 2 2 2 2 2 2 2 2 2 2 2 2 2 2 2 2 2 2 2 2 2 2 2 2 2 2 1 1 1 1 1 1 1 2 2 1 2 2 1 2 2 1 1 2 1 2 1 2 2 1 1 1 2 2 2 2 2 2 2 2 2 2 2 2 2 2 2 2 2 2 1 1 1 1 1 1 1 1 1 1 1 1 1 1 1 1 1 1 1 1 1 1 1</vcount>
          <v>2 0 3 1 2 0 9 1 9 2 2 0 3 1 2 0 3 1 2 0 3 1 9 2 9 2 2 0 3 1 2 0 3 1 9 2 9 2 2 0 9 1 2 2 2 2 2 0 3 1 9 2 9 2 2 0 9 1 2 2 9 2 9 2 9 2 9 2 9 2 9 2 9 2 9 2 9 2 9 2 9 2 9 2 9 2 9 2 2 2 9 2 9 2 2 0 9 1 9 2 9 2 2 2 9 2 9 2 9 2 9 2 9 2 9 2 9 2 9 2 9 2 2 0 9 1 9 2 2 2 2 2 9 2 2 2 9 2 9 2 9 2 9 2 9 2 9 2 9 2 9 2 9 2 9 2 9 2 9 2 2 0 9 1 2 0 9 1 9 2 9 2 9 2 9 2 9 2 9 2 2 0 3 1 2 2 2 0 3 1 2 0 3 1 2 2 2 2 2 2 2 2 2 0 3 1 2 0 3 1 2 1 4 0 2 1 4 0 2 0 3 1 2 1 4 0 2 0 3 1 2 1 4 0 2 0 3 1 2 1 4 0 2 0 3 1 2 1 4 0 2 1 4 0 2 0 3 1 2 1 4 0 2 0 3 1 2 1 4 0 2 0 3 1 2 0 3 1 2 0 3 1 2 1 4 0 5 2 5 2 5 2 5 2 5 2 5 2 5 2 5 2 5 2 5 2 5 2 5 2 5 2 5 2 5 2 5 2 5 2 5 2 5 2 5 2 5 2 5 2 5 2 5 2 5 2 5 2 5 2 5 2 5 2 5 2 5 2 5 2 5 2 2 0 6 1 2 0 6 1 2 0 6 1 2 0 6 1 9 2 2 0 6 1 9 2 2 0 6 1 9 2 2 0 6 1 2 0 6 1 2 2 2 0 6 1 2 0 6 1 2 2 2 2 2 2 2 2 2 0 6 1 2 0 6 1 2 1 7 0 2 1 7 0 2 0 6 1 2 1 7 0 2 0 6 1 2 1 7 0 2 0 6 1 2 1 7 0 2 0 6 1 2 1 7 0 2 1 7 0 2 0 6 1 2 0 6 1 2 1 7 0 2 1 7 0 2 0 6 1 2 0 6 1 2 0 6 1 2 1 7 0 8 2 8 2 8 2 8 2 8 2 8 2 8 2 8 2 8 2 8 2 8 2 8 2 8 2 8 2 8 2 8 2 8 2 8 2 8 2 8 2 8 2 8 2 8 2 8 2 8 2 8 2 8 2 8 2 8 2 8 2 8 2 8 2 8 2 24 2 2 3 24 3 2 3 24 3 24 2 24 2 2 3 24 3 2 2 2 2 2 2 2 3 24 3 2 2 2 2 2 2 2 3 24 3 2 2 2 3 24 3 24 2 2 2 2 2 2 2 2 2 2 2 24 2 2 3 24 3 2 2 2 3 24 3 2 3 24 3 24 2 2 3 24 3 24 2 2 2 2 2 2 2 2 3 24 3 2 2 2 3 24 3 2 2 2 2 2 2 2 2 2 2 24 2 24 2 24 2 24 2 24 2 24 2 24 2 24 2 24 2 24 2 24 2 24 2 24 2 24 2 24 2 24 2 24 2 24 2 24 2 24 2 24 2 24 2 24 2 24 2 24 2 24 2 24 2 24 2 24 2 24 2 24 2 24 2 24 2 24 2 24 2 24 2 24 2 24 2 24 2 24 2 24 2 15 2 15 2 15 2 15 2 15 2 15 2 15 2 15 2 15 2 15 2 15 2 15 2 15 2 15 2 15 2 15 2 15 2 15 2 15 2 15 2 15 2 15 2 15 2 15 2 15 2 15 2 15 2 15 2 15 2 15 2 15 2 15 2 15 2 15 2 15 2 15 2 15 2 15 2 15 2 15 2 15 2 15 2 15 2 15 2 15 2 15 2 15 2 15 2 15 2 15 2 15 2 15 2 15 2 15 2 15 2 15 2 15 2 15 2 15 2 15 2 15 2 15 2 15 2 15 2 15 2 15 2 15 2 15 2 15 2 15 2 15 2 15 2 15 2 15 2 15 2 15 2 15 2 15 2 15 2 15 2 15 2 15 2 15 2 15 2 15 2 15 2 15 2 15 2 15 2 15 2 15 2 15 2 15 2 15 2 15 2 15 2 15 2 15 2 15 2 15 2 15 2 15 2 15 2 15 2 15 2 15 2 15 2 15 2 15 2 15 2 15 2 15 2 15 2 15 2 15 2 15 2 15 2 15 2 15 2 15 2 15 2 15 2 15 2 15 2 15 2 15 2 15 2 15 2 15 2 15 2 15 2 15 2 15 2 15 2 15 2 15 2 15 2 15 2 15 2 15 2 15 2 15 2 15 2 15 2 15 2 15 2 15 2 15 2 15 2 15 2 15 2 15 2 15 2 15 2 15 2 15 2 15 2 15 2 15 2 15 2 15 2 15 2 15 2 15 2 15 2 15 2 15 2 15 2 15 2 15 2 15 2 15 2 15 2 15 2 15 2 15 2 15 2 15 2 15 2 15 2 15 2 15 2 15 2 15 2 15 2 15 2 15 2 15 2 15 2 15 2 15 2 15 2 15 2 15 2 15 2 15 2 15 2 15 2 15 2 15 2 15 2 15 2 15 2 15 2 15 2 15 2 15 2 15 2 15 2 15 2 15 2 15 2 15 2 15 2 15 2 15 2 15 2 15 2 15 2 15 2 15 2 15 2 15 2 15 2 15 2 15 2 15 2 15 2 15 2 15 2 15 2 15 2 15 2 15 2 15 2 15 2 15 2 15 2 15 2 15 2 15 2 15 2 15 2 15 2 15 2 15 2 15 2 15 2 15 2 15 2 15 2 15 2 15 2 15 2 15 2 15 2 15 2 15 2 15 2 15 2 15 2 15 2 15 2 15 2 15 2 15 2 15 2 15 2 15 2 15 2 15 2 15 2 15 2 15 2 15 2 15 2 12 2 12 2 12 2 12 2 12 2 12 2 12 2 12 2 12 2 12 2 12 2 12 2 12 2 12 2 12 2 12 2 12 2 12 2 12 2 12 2 12 2 12 2 12 2 12 2 12 2 12 2 12 2 12 2 12 2 12 2 12 2 12 2 12 2 10 1 11 0 10 1 11 0 10 1 11 0 10 1 11 0 10 1 11 0 10 1 11 0 10 1 11 0 10 1 11 0 10 1 11 0 10 1 11 0 9 0 10 1 9 0 10 1 9 0 10 1 9 0 10 1 9 0 10 1 9 0 10 1 9 0 10 1 9 0 10 1 9 0 10 1 9 0 10 1 9 0 10 1 9 0 10 1 9 0 10 1 9 0 10 1 9 0 10 1 9 0 10 1 9 0 10 1 9 0 10 1 14 2 14 2 14 2 14 2 14 2 14 2 23 2 20 1 21 0 20 1 21 0 23 2 20 1 21 0 20 1 21 0 23 2 20 1 21 0 20 1 21 0 23 2 23 2 20 1 21 0 23 2 20 1 21 0 23 2 20 1 21 0 20 1 21 0 23 2 23 2 23 2 9 0 20 1 9 0 20 1 9 0 20 1 9 0 20 1 9 0 20 1 9 0 20 1 9 0 20 1 9 0 20 1 9 0 20 1 9 0 20 1 9 0 20 1 9 0 20 1 9 0 20 1 9 0 20 1 9 0 20 1 9 0 20 1 9 0 20 1 9 0 20 1 23 2 23 2 23 2 23 2 23 2 23 2 23 2 23 2 23 2 23 2 23 2 23 2 23 2 23 2 23 2 23 2 23 2 23 2 23 2 23 2 23 2 23 2 23 2</v>
        </vertex_weights>
      </skin>
    </controller>
    <controller id="mizugorou_00_1_0_ctrl_id" name="mizugorou_00_1_0_ctrl">
      <skin source="#mizugorou_00_1_0_geo_id">
        <bind_shape_matrix>1 0 0 0 0 1 0 0 0 0 1 0 0 0 0 1</bind_shape_matrix>
        <source id="mizugorou_00_1_0_ctrl_names_id" name="mizugorou_00_1_0_ctrl_names">
          <Name_array id="mizugorou_00_1_0_ctrl_names_array_id" count="27">root PG_root Pelvis L_Thigh L_Calf L_Foot R_Thigh R_Calf R_Foot Spine L_UpperArm L_Forearm L_Hand PT_L_hand PG_Neck Head PT_head PT_mouth PT_center PT_scarf R_UpperArm R_Forearm PT_R_hand R_Hand Tail mizugorou_00 scarf</Name_array>
          <technique_common>
            <accessor source="#mizugorou_00_1_0_ctrl_names_array_id" count="27" stride="1">
              <param name="JOINT" type="Name" />
            </accessor>
          </technique_common>
        </source>
        <source id="mizugorou_00_1_0_ctrl_poses_id" name="mizugorou_00_1_0_ctrl_poses">
          <float_array id="mizugorou_00_1_0_ctrl_poses_array_id" count="432">1 0 0 0 0 1 0 0 0 0 1 0 0 0 0 1 1 0 0 0 0 -3.55746E-06 -1 0 0 1 -3.55746E-06 0 0 0 0 1 -3.55746E-06 3.55746E-06 1 0.0442037 6.366522E-06 -1 3.557483E-06 0.0652577 1 6.366535E-06 3.557438E-06 -2.582117E-07 0 0 0 1 5.780233E-05 -0.9374638 -0.3483012 0.04577816 0.009412145 -0.3483099 0.9374886 0.06377397 -1.000028 -0.003332446 0.008803401 0.04273427 0 0 0 1 -6.51132E-05 -0.9828249 0.1854495 0.0466381 0.009870802 0.1853795 0.9827939 0.0464104 -1.000093 0.001893969 0.009688319 0.04259128 0 0 0 1 -6.51132E-05 -0.9828249 0.1854495 0.0118567 0.009870802 0.1853795 0.9827939 0.04511986 -1.000093 0.001893969 0.009688319 0.0425809 0 0 0 1 -3.992545E-05 -0.9374636 -0.3483012 0.0457783 -0.009454456 -0.3483099 0.9374883 0.06377227 -1.000027 0.003330425 -0.008849291 -0.04273615 0 0 0 1 5.996753E-05 -0.9828842 0.1851157 0.04662137 -0.009916277 0.1850455 0.9828528 0.0464245 -1.000092 -0.001894012 -0.009734635 -0.04259325 0 0 0 1 5.996753E-05 -0.9828842 0.1851157 0.01184037 -0.009916277 0.1850455 0.9828528 0.0451219 -1.000092 -0.001894012 -0.009734635 -0.04258265 0 0 0 1 -2.214674E-06 4.077688E-05 1.000001 0.005424277 2.250135E-06 -1.000001 4.077688E-05 0.06775356 1 2.250221E-06 2.21458E-06 1.339447E-08 0 0 0 1 3.803565E-06 -0.9945024 -0.1053238 0.0652567 -0.06604104 -0.1051009 0.9923951 -0.040212 -0.9978814 0.006951916 -0.06567834 0.0445535 0 0 0 1 6.950733E-07 -0.9651034 0.2622564 0.02116902 0.02919352 0.26213 0.964803 -0.05563929 -0.9997089 0.00765351 0.02817638 0.04019656 0 0 0 1 6.950733E-07 -0.9651034 0.2622564 -0.01333818 0.02919352 0.26213 0.964803 -0.06249589 -0.9997089 0.00765351 0.02817638 0.03998828 0 0 0 1 1.000181 4.018182E-06 9.962608E-06 -0.0417329 1.194531E-05 -6.680354E-06 -1.000298 0.05933589 -3.470697E-06 1.000148 3.169426E-05 0.006023414 0 0 0 1 -4.091384E-06 0.9713213 0.2379825 -0.13295 -2.696337E-06 -0.2379825 0.9713213 -0.02589671 1 3.332137E-06 3.592463E-06 -1.978872E-07 0 0 0 1 -1.987021E-05 0.9982328 -0.06128539 -0.1401941 -3.790181E-06 0.06128538 0.9982326 -0.07073312 1 2.006673E-05 2.565062E-06 -2.548132E-06 0 0 0 1 1 1.651556E-05 2.783082E-06 -3.205653E-06 2.773804E-06 0.0005959905 -1.000187 0.1495625 -1.651725E-05 1.000187 0.0005959605 -0.2508458 0 0 0 1 1 1.651556E-05 2.783082E-06 -2.148792E-06 2.773804E-06 0.0005959905 -1.000187 0.1495594 -1.651725E-05 1.000187 0.0005959605 -0.1217498 0 0 0 1 1 2.250076E-06 -1.342882E-06 -1.483005E-09 -1.342863E-06 -7.261839E-06 -1.000001 -0.004184363 -2.250091E-06 1.000001 -7.261837E-06 -0.06875259 0 0 0 1 1 8.616978E-06 2.262239E-06 -5.507227E-07 -8.61727E-06 1.000129 2.013352E-06 -0.08793611 -2.262506E-06 -2.012445E-06 1.000129 -0.09071067 0 0 0 1 3.802168E-06 -0.9945024 -0.1053238 0.06525675 0.06603711 -0.1051004 0.9923955 -0.04021202 -0.9978817 -0.00695905 0.06567365 -0.04455334 0 0 0 1 4.825449E-06 -0.9651032 0.2622574 0.021169 -0.02919988 0.2621307 0.9648027 -0.05563933 -0.9997087 -0.007660537 -0.02818106 -0.04019642 0 0 0 1 1.000181 2.900608E-06 -5.255079E-06 0.04174639 -7.230519E-06 -3.47846E-06 -1.000298 0.05933534 -3.444445E-06 1.000147 3.492562E-05 0.006041689 0 0 0 1 4.825449E-06 -0.9651032 0.2622574 -0.0133383 -0.02919988 0.2621307 0.9648027 -0.06249588 -0.9997087 -0.007660537 -0.02818106 -0.03998815 0 0 0 1 4.102396E-07 -9.367383E-07 -1 -0.07980818 -1.914388E-06 1 -9.36739E-07 -0.06378835 1 1.914389E-06 4.102378E-07 -2.253894E-07 0 0 0 1 1 0 0 0 0 1 0 0 0 0 1 0 0 0 0 1 1 0 0 0 0 1 0 -0.0848516 0 0 1 -0.0942853 0 0 0 1</float_array>
          <technique_common>
            <accessor source="#mizugorou_00_1_0_ctrl_poses_array_id" count="27" stride="16">
              <param name="TRANSFORM" type="float4x4" />
            </accessor>
          </technique_common>
        </source>
        <source id="mizugorou_00_1_0_ctrl_weights_id" name="mizugorou_00_1_0_ctrl_weights">
          <float_array id="mizugorou_00_1_0_ctrl_weights_array_id" count="1">1</float_array>
          <technique_common>
            <accessor source="#mizugorou_00_1_0_ctrl_weights_array_id" count="1" stride="1">
              <param name="WEIGHT" type="float" />
            </accessor>
          </technique_common>
        </source>
        <joints>
          <input semantic="JOINT" source="#mizugorou_00_1_0_ctrl_names_id" />
          <input semantic="INV_BIND_MATRIX" source="#mizugorou_00_1_0_ctrl_poses_id" />
        </joints>
        <vertex_weights count="12">
          <input semantic="JOINT" source="#mizugorou_00_1_0_ctrl_names_id" offset="0" />
          <input semantic="WEIGHT" source="#mizugorou_00_1_0_ctrl_weights_id" offset="1" />
          <vcount>1 1 1 1 1 1 1 1 1 1 1 1</vcount>
          <v>15 0 15 0 15 0 15 0 15 0 15 0 15 0 15 0 15 0 15 0 15 0 15 0</v>
        </vertex_weights>
      </skin>
    </controller>
    <controller id="mizugorou_00_2_0_ctrl_id" name="mizugorou_00_2_0_ctrl">
      <skin source="#mizugorou_00_2_0_geo_id">
        <bind_shape_matrix>1 0 0 0 0 1 0 0 0 0 1 0 0 0 0 1</bind_shape_matrix>
        <source id="mizugorou_00_2_0_ctrl_names_id" name="mizugorou_00_2_0_ctrl_names">
          <Name_array id="mizugorou_00_2_0_ctrl_names_array_id" count="27">root PG_root Pelvis L_Thigh L_Calf L_Foot R_Thigh R_Calf R_Foot Spine L_UpperArm L_Forearm L_Hand PT_L_hand PG_Neck Head PT_head PT_mouth PT_center PT_scarf R_UpperArm R_Forearm PT_R_hand R_Hand Tail mizugorou_00 scarf</Name_array>
          <technique_common>
            <accessor source="#mizugorou_00_2_0_ctrl_names_array_id" count="27" stride="1">
              <param name="JOINT" type="Name" />
            </accessor>
          </technique_common>
        </source>
        <source id="mizugorou_00_2_0_ctrl_poses_id" name="mizugorou_00_2_0_ctrl_poses">
          <float_array id="mizugorou_00_2_0_ctrl_poses_array_id" count="432">1 0 0 0 0 1 0 0 0 0 1 0 0 0 0 1 1 0 0 0 0 -3.55746E-06 -1 0 0 1 -3.55746E-06 0 0 0 0 1 -3.55746E-06 3.55746E-06 1 0.0442037 6.366522E-06 -1 3.557483E-06 0.0652577 1 6.366535E-06 3.557438E-06 -2.582117E-07 0 0 0 1 5.780233E-05 -0.9374638 -0.3483012 0.04577816 0.009412145 -0.3483099 0.9374886 0.06377397 -1.000028 -0.003332446 0.008803401 0.04273427 0 0 0 1 -6.51132E-05 -0.9828249 0.1854495 0.0466381 0.009870802 0.1853795 0.9827939 0.0464104 -1.000093 0.001893969 0.009688319 0.04259128 0 0 0 1 -6.51132E-05 -0.9828249 0.1854495 0.0118567 0.009870802 0.1853795 0.9827939 0.04511986 -1.000093 0.001893969 0.009688319 0.0425809 0 0 0 1 -3.992545E-05 -0.9374636 -0.3483012 0.0457783 -0.009454456 -0.3483099 0.9374883 0.06377227 -1.000027 0.003330425 -0.008849291 -0.04273615 0 0 0 1 5.996753E-05 -0.9828842 0.1851157 0.04662137 -0.009916277 0.1850455 0.9828528 0.0464245 -1.000092 -0.001894012 -0.009734635 -0.04259325 0 0 0 1 5.996753E-05 -0.9828842 0.1851157 0.01184037 -0.009916277 0.1850455 0.9828528 0.0451219 -1.000092 -0.001894012 -0.009734635 -0.04258265 0 0 0 1 -2.214674E-06 4.077688E-05 1.000001 0.005424277 2.250135E-06 -1.000001 4.077688E-05 0.06775356 1 2.250221E-06 2.21458E-06 1.339447E-08 0 0 0 1 3.803565E-06 -0.9945024 -0.1053238 0.0652567 -0.06604104 -0.1051009 0.9923951 -0.040212 -0.9978814 0.006951916 -0.06567834 0.0445535 0 0 0 1 6.950733E-07 -0.9651034 0.2622564 0.02116902 0.02919352 0.26213 0.964803 -0.05563929 -0.9997089 0.00765351 0.02817638 0.04019656 0 0 0 1 6.950733E-07 -0.9651034 0.2622564 -0.01333818 0.02919352 0.26213 0.964803 -0.06249589 -0.9997089 0.00765351 0.02817638 0.03998828 0 0 0 1 1.000181 4.018182E-06 9.962608E-06 -0.0417329 1.194531E-05 -6.680354E-06 -1.000298 0.05933589 -3.470697E-06 1.000148 3.169426E-05 0.006023414 0 0 0 1 -4.091384E-06 0.9713213 0.2379825 -0.13295 -2.696337E-06 -0.2379825 0.9713213 -0.02589671 1 3.332137E-06 3.592463E-06 -1.978872E-07 0 0 0 1 -1.987021E-05 0.9982328 -0.06128539 -0.1401941 -3.790181E-06 0.06128538 0.9982326 -0.07073312 1 2.006673E-05 2.565062E-06 -2.548132E-06 0 0 0 1 1 1.651556E-05 2.783082E-06 -3.205653E-06 2.773804E-06 0.0005959905 -1.000187 0.1495625 -1.651725E-05 1.000187 0.0005959605 -0.2508458 0 0 0 1 1 1.651556E-05 2.783082E-06 -2.148792E-06 2.773804E-06 0.0005959905 -1.000187 0.1495594 -1.651725E-05 1.000187 0.0005959605 -0.1217498 0 0 0 1 1 2.250076E-06 -1.342882E-06 -1.483005E-09 -1.342863E-06 -7.261839E-06 -1.000001 -0.004184363 -2.250091E-06 1.000001 -7.261837E-06 -0.06875259 0 0 0 1 1 8.616978E-06 2.262239E-06 -5.507227E-07 -8.61727E-06 1.000129 2.013352E-06 -0.08793611 -2.262506E-06 -2.012445E-06 1.000129 -0.09071067 0 0 0 1 3.802168E-06 -0.9945024 -0.1053238 0.06525675 0.06603711 -0.1051004 0.9923955 -0.04021202 -0.9978817 -0.00695905 0.06567365 -0.04455334 0 0 0 1 4.825449E-06 -0.9651032 0.2622574 0.021169 -0.02919988 0.2621307 0.9648027 -0.05563933 -0.9997087 -0.007660537 -0.02818106 -0.04019642 0 0 0 1 1.000181 2.900608E-06 -5.255079E-06 0.04174639 -7.230519E-06 -3.47846E-06 -1.000298 0.05933534 -3.444445E-06 1.000147 3.492562E-05 0.006041689 0 0 0 1 4.825449E-06 -0.9651032 0.2622574 -0.0133383 -0.02919988 0.2621307 0.9648027 -0.06249588 -0.9997087 -0.007660537 -0.02818106 -0.03998815 0 0 0 1 4.102396E-07 -9.367383E-07 -1 -0.07980818 -1.914388E-06 1 -9.36739E-07 -0.06378835 1 1.914389E-06 4.102378E-07 -2.253894E-07 0 0 0 1 1 0 0 0 0 1 0 0 0 0 1 0 0 0 0 1 1 0 0 0 0 1 0 -0.0848516 0 0 1 -0.0942853 0 0 0 1</float_array>
          <technique_common>
            <accessor source="#mizugorou_00_2_0_ctrl_poses_array_id" count="27" stride="16">
              <param name="TRANSFORM" type="float4x4" />
            </accessor>
          </technique_common>
        </source>
        <source id="mizugorou_00_2_0_ctrl_weights_id" name="mizugorou_00_2_0_ctrl_weights">
          <float_array id="mizugorou_00_2_0_ctrl_weights_array_id" count="1">1</float_array>
          <technique_common>
            <accessor source="#mizugorou_00_2_0_ctrl_weights_array_id" count="1" stride="1">
              <param name="WEIGHT" type="float" />
            </accessor>
          </technique_common>
        </source>
        <joints>
          <input semantic="JOINT" source="#mizugorou_00_2_0_ctrl_names_id" />
          <input semantic="INV_BIND_MATRIX" source="#mizugorou_00_2_0_ctrl_poses_id" />
        </joints>
        <vertex_weights count="28">
          <input semantic="JOINT" source="#mizugorou_00_2_0_ctrl_names_id" offset="0" />
          <input semantic="WEIGHT" source="#mizugorou_00_2_0_ctrl_weights_id" offset="1" />
          <vcount>1 1 1 1 1 1 1 1 1 1 1 1 1 1 1 1 1 1 1 1 1 1 1 1 1 1 1 1</vcount>
          <v>15 0 15 0 15 0 15 0 15 0 15 0 15 0 15 0 15 0 15 0 15 0 15 0 15 0 15 0 15 0 15 0 15 0 15 0 15 0 15 0 15 0 15 0 15 0 15 0 15 0 15 0 15 0 15 0</v>
        </vertex_weights>
      </skin>
    </controller>
    <controller id="scarf_3_0_ctrl_id" name="scarf_3_0_ctrl">
      <skin source="#scarf_3_0_geo_id">
        <bind_shape_matrix>1 0 0 0 0 1 0 0 0 0 1 0 0 0 0 1</bind_shape_matrix>
        <source id="scarf_3_0_ctrl_names_id" name="scarf_3_0_ctrl_names">
          <Name_array id="scarf_3_0_ctrl_names_array_id" count="27">root PG_root Pelvis L_Thigh L_Calf L_Foot R_Thigh R_Calf R_Foot Spine L_UpperArm L_Forearm L_Hand PT_L_hand PG_Neck Head PT_head PT_mouth PT_center PT_scarf R_UpperArm R_Forearm PT_R_hand R_Hand Tail mizugorou_00 scarf</Name_array>
          <technique_common>
            <accessor source="#scarf_3_0_ctrl_names_array_id" count="27" stride="1">
              <param name="JOINT" type="Name" />
            </accessor>
          </technique_common>
        </source>
        <source id="scarf_3_0_ctrl_poses_id" name="scarf_3_0_ctrl_poses">
          <float_array id="scarf_3_0_ctrl_poses_array_id" count="432">1 0 0 0 0 1 0 0 0 0 1 0 0 0 0 1 1 0 0 0 0 -3.55746E-06 -1 0 0 1 -3.55746E-06 0 0 0 0 1 -3.55746E-06 3.55746E-06 1 0.0442037 6.366522E-06 -1 3.557483E-06 0.0652577 1 6.366535E-06 3.557438E-06 -2.582117E-07 0 0 0 1 5.780233E-05 -0.9374638 -0.3483012 0.04577816 0.009412145 -0.3483099 0.9374886 0.06377397 -1.000028 -0.003332446 0.008803401 0.04273427 0 0 0 1 -6.51132E-05 -0.9828249 0.1854495 0.0466381 0.009870802 0.1853795 0.9827939 0.0464104 -1.000093 0.001893969 0.009688319 0.04259128 0 0 0 1 -6.51132E-05 -0.9828249 0.1854495 0.0118567 0.009870802 0.1853795 0.9827939 0.04511986 -1.000093 0.001893969 0.009688319 0.0425809 0 0 0 1 -3.992545E-05 -0.9374636 -0.3483012 0.0457783 -0.009454456 -0.3483099 0.9374883 0.06377227 -1.000027 0.003330425 -0.008849291 -0.04273615 0 0 0 1 5.996753E-05 -0.9828842 0.1851157 0.04662137 -0.009916277 0.1850455 0.9828528 0.0464245 -1.000092 -0.001894012 -0.009734635 -0.04259325 0 0 0 1 5.996753E-05 -0.9828842 0.1851157 0.01184037 -0.009916277 0.1850455 0.9828528 0.0451219 -1.000092 -0.001894012 -0.009734635 -0.04258265 0 0 0 1 -2.214674E-06 4.077688E-05 1.000001 0.005424277 2.250135E-06 -1.000001 4.077688E-05 0.06775356 1 2.250221E-06 2.21458E-06 1.339447E-08 0 0 0 1 3.803565E-06 -0.9945024 -0.1053238 0.0652567 -0.06604104 -0.1051009 0.9923951 -0.040212 -0.9978814 0.006951916 -0.06567834 0.0445535 0 0 0 1 6.950733E-07 -0.9651034 0.2622564 0.02116902 0.02919352 0.26213 0.964803 -0.05563929 -0.9997089 0.00765351 0.02817638 0.04019656 0 0 0 1 6.950733E-07 -0.9651034 0.2622564 -0.01333818 0.02919352 0.26213 0.964803 -0.06249589 -0.9997089 0.00765351 0.02817638 0.03998828 0 0 0 1 1.000181 4.018182E-06 9.962608E-06 -0.0417329 1.194531E-05 -6.680354E-06 -1.000298 0.05933589 -3.470697E-06 1.000148 3.169426E-05 0.006023414 0 0 0 1 -4.091384E-06 0.9713213 0.2379825 -0.13295 -2.696337E-06 -0.2379825 0.9713213 -0.02589671 1 3.332137E-06 3.592463E-06 -1.978872E-07 0 0 0 1 -1.987021E-05 0.9982328 -0.06128539 -0.1401941 -3.790181E-06 0.06128538 0.9982326 -0.07073312 1 2.006673E-05 2.565062E-06 -2.548132E-06 0 0 0 1 1 1.651556E-05 2.783082E-06 -3.205653E-06 2.773804E-06 0.0005959905 -1.000187 0.1495625 -1.651725E-05 1.000187 0.0005959605 -0.2508458 0 0 0 1 1 1.651556E-05 2.783082E-06 -2.148792E-06 2.773804E-06 0.0005959905 -1.000187 0.1495594 -1.651725E-05 1.000187 0.0005959605 -0.1217498 0 0 0 1 1 2.250076E-06 -1.342882E-06 -1.483005E-09 -1.342863E-06 -7.261839E-06 -1.000001 -0.004184363 -2.250091E-06 1.000001 -7.261837E-06 -0.06875259 0 0 0 1 1 8.616978E-06 2.262239E-06 -5.507227E-07 -8.61727E-06 1.000129 2.013352E-06 -0.08793611 -2.262506E-06 -2.012445E-06 1.000129 -0.09071067 0 0 0 1 3.802168E-06 -0.9945024 -0.1053238 0.06525675 0.06603711 -0.1051004 0.9923955 -0.04021202 -0.9978817 -0.00695905 0.06567365 -0.04455334 0 0 0 1 4.825449E-06 -0.9651032 0.2622574 0.021169 -0.02919988 0.2621307 0.9648027 -0.05563933 -0.9997087 -0.007660537 -0.02818106 -0.04019642 0 0 0 1 1.000181 2.900608E-06 -5.255079E-06 0.04174639 -7.230519E-06 -3.47846E-06 -1.000298 0.05933534 -3.444445E-06 1.000147 3.492562E-05 0.006041689 0 0 0 1 4.825449E-06 -0.9651032 0.2622574 -0.0133383 -0.02919988 0.2621307 0.9648027 -0.06249588 -0.9997087 -0.007660537 -0.02818106 -0.03998815 0 0 0 1 4.102396E-07 -9.367383E-07 -1 -0.07980818 -1.914388E-06 1 -9.36739E-07 -0.06378835 1 1.914389E-06 4.102378E-07 -2.253894E-07 0 0 0 1 1 0 0 0 0 1 0 0 0 0 1 0 0 0 0 1 1 0 0 0 0 1 0 -0.0848516 0 0 1 -0.0942853 0 0 0 1</float_array>
          <technique_common>
            <accessor source="#scarf_3_0_ctrl_poses_array_id" count="27" stride="16">
              <param name="TRANSFORM" type="float4x4" />
            </accessor>
          </technique_common>
        </source>
        <source id="scarf_3_0_ctrl_weights_id" name="scarf_3_0_ctrl_weights">
          <float_array id="scarf_3_0_ctrl_weights_array_id" count="6">1 0.9 0.09999999 0.5 0.6 0.4</float_array>
          <technique_common>
            <accessor source="#scarf_3_0_ctrl_weights_array_id" count="6" stride="1">
              <param name="WEIGHT" type="float" />
            </accessor>
          </technique_common>
        </source>
        <joints>
          <input semantic="JOINT" source="#scarf_3_0_ctrl_names_id" />
          <input semantic="INV_BIND_MATRIX" source="#scarf_3_0_ctrl_poses_id" />
        </joints>
        <vertex_weights count="105">
          <input semantic="JOINT" source="#scarf_3_0_ctrl_names_id" offset="0" />
          <input semantic="WEIGHT" source="#scarf_3_0_ctrl_weights_id" offset="1" />
          <vcount>1 1 2 1 1 2 1 1 1 2 2 2 2 2 2 2 2 1 1 1 2 2 2 2 2 2 2 2 2 2 2 2 2 2 2 2 2 2 2 2 2 2 2 2 2 2 2 2 2 1 1 1 2 1 2 2 1 1 2 1 2 2 2 1 2 1 1 2 2 1 1 2 1 1 2 1 1 2 1 2 1 2 2 2 1 2 1 1 2 1 1 2 2 1 1 2 1 2 2 2 1 1 2 2 1</vcount>
          <v>9 0 9 0 9 1 15 2 9 0 9 0 9 1 15 2 9 0 9 0 9 0 9 1 15 2 9 1 15 2 9 1 15 2 9 1 15 2 9 1 15 2 9 1 15 2 9 1 15 2 9 1 15 2 9 0 9 0 9 0 9 3 15 3 9 3 15 3 9 3 15 3 9 3 15 3 9 3 15 3 9 1 15 2 9 4 15 5 9 3 15 3 9 3 15 3 9 3 15 3 9 1 15 2 9 3 15 3 9 3 15 3 9 4 15 5 9 3 15 3 9 3 15 3 9 3 15 3 9 4 15 5 9 1 15 2 9 3 15 3 9 3 15 3 9 3 15 3 9 3 15 3 9 4 15 5 9 1 15 2 9 3 15 3 9 3 15 3 9 3 15 3 9 1 15 2 9 0 9 0 9 0 9 1 15 2 9 0 9 1 15 2 9 1 15 2 9 0 9 0 9 1 15 2 9 0 9 1 15 2 9 1 15 2 9 1 15 2 9 0 9 1 15 2 9 0 9 0 9 1 15 2 9 1 15 2 9 0 9 0 9 1 15 2 9 0 9 0 9 1 15 2 9 0 9 0 9 1 15 2 9 0 9 1 15 2 9 0 9 1 15 2 9 1 15 2 9 1 15 2 9 0 9 1 15 2 9 0 9 0 9 1 15 2 9 0 9 0 9 1 15 2 9 1 15 2 9 0 9 0 9 1 15 2 9 0 9 1 15 2 9 1 15 2 9 1 15 2 9 0 9 0 9 1 15 2 9 1 15 2 9 0</v>
        </vertex_weights>
      </skin>
    </controller>
  </library_controllers>
  <library_visual_scenes>
    <visual_scene id="mizugorou_00_00_id" name="mizugorou_00_00">
      <node id="root_bone_id" name="root" sid="root" type="JOINT">
        <translate sid="translate">0 0 0</translate>
        <rotate sid="rotateZ">0 0 1 0</rotate>
        <rotate sid="rotateY">0 1 0 0</rotate>
        <rotate sid="rotateX">1 0 0 0</rotate>
        <scale sid="scale">1 1 1</scale>
        <node id="PG_root_bone_id" name="PG_root" sid="PG_root" type="JOINT">
          <translate sid="translate">0 0 0</translate>
          <rotate sid="rotateZ">0 0 1 0</rotate>
          <rotate sid="rotateY">0 1 0 0</rotate>
          <rotate sid="rotateX">1 0 0 -90.00021</rotate>
          <scale sid="scale">1 1 1</scale>
          <node id="Pelvis_bone_id" name="Pelvis" sid="Pelvis" type="JOINT">
            <translate sid="translate">0 0.0442037 0.0652577</translate>
            <rotate sid="rotateZ">0 0 1 -90.00021</rotate>
            <rotate sid="rotateY">0 1 0 0</rotate>
            <rotate sid="rotateX">1 0 0 -89.99964</rotate>
            <scale sid="scale">1 1 1</scale>
            <node id="L_Thigh_bone_id" name="L_Thigh" sid="L_Thigh" type="JOINT">
              <translate sid="translate">0 0 0.0421265</translate>
              <rotate sid="rotateZ">0 0 1 110.382</rotate>
              <rotate sid="rotateY">0 1 0 -0.002899172</rotate>
              <rotate sid="rotateX">1 0 0 179.4607</rotate>
              <scale sid="scale">1 1 1</scale>
              <node id="L_Calf_bone_id" name="L_Calf" sid="L_Calf" type="JOINT">
                <translate sid="translate">0.03 0 0</translate>
                <rotate sid="rotateZ">0 0 1 31.0644</rotate>
                <rotate sid="rotateY">0 1 0 -0.2848448</rotate>
                <rotate sid="rotateX">1 0 0 -0.1053033</rotate>
                <scale sid="scale">1 1 1</scale>
                <node id="L_Foot_bone_id" name="L_Foot" sid="L_Foot" type="JOINT">
                  <translate sid="translate">0.0347814 0.00129055 1.03797E-05</translate>
                  <rotate sid="rotateZ">0 0 1 0</rotate>
                  <rotate sid="rotateY">0 1 0 0</rotate>
                  <rotate sid="rotateX">1 0 0 0</rotate>
                  <scale sid="scale">1 1 1</scale>
                </node>
              </node>
            </node>
            <node id="R_Thigh_bone_id" name="R_Thigh" sid="R_Thigh" type="JOINT">
              <translate sid="translate">0 0 -0.0421265</translate>
              <rotate sid="rotateZ">0 0 1 110.382</rotate>
              <rotate sid="rotateY">0 1 0 0.002700808</rotate>
              <rotate sid="rotateX">1 0 0 -179.4584</rotate>
              <scale sid="scale">1 1 1</scale>
              <node id="R_Calf_bone_id" name="R_Calf" sid="R_Calf" type="JOINT">
                <translate sid="translate">0.03 0 0</translate>
                <rotate sid="rotateZ">0 0 1 31.04497</rotate>
                <rotate sid="rotateY">0 1 0 0.2847658</rotate>
                <rotate sid="rotateX">1 0 0 0.1052099</rotate>
                <scale sid="scale">1 1 1</scale>
                <node id="R_Foot_bone_id" name="R_Foot" sid="R_Foot" type="JOINT">
                  <translate sid="translate">0.034781 0.00130261 -1.06017E-05</translate>
                  <rotate sid="rotateZ">0 0 1 0</rotate>
                  <rotate sid="rotateY">0 1 0 0</rotate>
                  <rotate sid="rotateX">1 0 0 0</rotate>
                  <scale sid="scale">1 1 1</scale>
                </node>
              </node>
            </node>
            <node id="Spine_bone_id" name="Spine" sid="Spine" type="JOINT">
              <translate sid="translate">0.0387769 -0.00249563 0</translate>
              <rotate sid="rotateZ">0 0 1 -0.002132727</rotate>
              <rotate sid="rotateY">0 1 0 -7.69574E-05</rotate>
              <rotate sid="rotateX">1 0 0 -0.0002358678</rotate>
              <scale sid="scale">1 1 1</scale>
              <node id="L_UpperArm_bone_id" name="L_UpperArm" sid="L_UpperArm" type="JOINT">
                <translate sid="translate">0.0551203 0.0074009 0.0417981</translate>
                <rotate sid="rotateZ">0 0 1 96.04778</rotate>
                <rotate sid="rotateY">0 1 0 -7.629392E-05</rotate>
                <rotate sid="rotateX">1 0 0 -176.2137</rotate>
                <scale sid="scale">1 1 1</scale>
                <node id="L_Forearm_bone_id" name="L_Forearm" sid="L_Forearm" type="JOINT">
                  <translate sid="translate">0.0258 0 0</translate>
                  <rotate sid="rotateZ">0 0 1 21.20437</rotate>
                  <rotate sid="rotateY">0 1 0 1.371117</rotate>
                  <rotate sid="rotateX">1 0 0 -5.202491</rotate>
                  <scale sid="scale">1 1 1</scale>
                  <node id="L_Hand_bone_id" name="L_Hand" sid="L_Hand" type="JOINT">
                    <translate sid="translate">0.0345072 0.0068566 0.000208272</translate>
                    <rotate sid="rotateZ">0 0 1 0</rotate>
                    <rotate sid="rotateY">0 1 0 0</rotate>
                    <rotate sid="rotateX">1 0 0 0</rotate>
                    <scale sid="scale">1 1 1</scale>
                  </node>
                  <node id="PT_L_hand_bone_id" name="PT_L_hand" sid="PT_L_hand" type="JOINT">
                    <translate sid="translate">0.0425398 0.00123056 0.000109224</translate>
                    <rotate sid="rotateZ">0 0 1 89.99907</rotate>
                    <rotate sid="rotateY">0 1 0 88.3266</rotate>
                    <rotate sid="rotateX">1 0 0 -74.79907</rotate>
                    <scale sid="scale">1 1 1</scale>
                  </node>
                </node>
              </node>
              <node id="PG_Neck_bone_id" name="PG_Neck" sid="PG_Neck" type="JOINT">
                <translate sid="translate">0.0622174 -0.055206 0</translate>
                <rotate sid="rotateZ">0 0 1 -76.23089</rotate>
                <rotate sid="rotateY">0 1 0 7.899942E-05</rotate>
                <rotate sid="rotateX">1 0 0 -6.193043E-05</rotate>
                <scale sid="scale">1 1 1</scale>
                <node id="Head_bone_id" name="Head" sid="Head" type="JOINT">
                  <translate sid="translate">0.0219175 -1.20513E-06 0</translate>
                  <rotate sid="rotateZ">0 0 1 -17.28001</rotate>
                  <rotate sid="rotateY">0 1 0 0.0009606153</rotate>
                  <rotate sid="rotateX">1 0 0 0</rotate>
                  <scale sid="scale">1 1 1</scale>
                  <node id="PT_head_bone_id" name="PT_head" sid="PT_head" type="JOINT">
                    <translate sid="translate">0.100899 0.0940511 1.5152E-06</translate>
                    <rotate sid="rotateZ">0 0 1 0</rotate>
                    <rotate sid="rotateY">0 1 0 -90.00021</rotate>
                    <rotate sid="rotateX">1 0 0 -176.4527</rotate>
                    <scale sid="scale">1 1 1</scale>
                  </node>
                  <node id="PT_mouth_bone_id" name="PT_mouth" sid="PT_mouth" type="JOINT">
                    <translate sid="translate">-0.0279397 0.086061 0</translate>
                    <rotate sid="rotateZ">0 0 1 0</rotate>
                    <rotate sid="rotateY">0 1 0 -90.00021</rotate>
                    <rotate sid="rotateX">1 0 0 -176.4527</rotate>
                    <scale sid="scale">1 1 1</scale>
                  </node>
                </node>
              </node>
              <node id="PT_center_bone_id" name="PT_center" sid="PT_center" type="JOINT">
                <translate sid="translate">0.00124222 -0.000999136 0</translate>
                <rotate sid="rotateZ">0 0 1 0</rotate>
                <rotate sid="rotateY">0 1 0 -90.00021</rotate>
                <rotate sid="rotateX">1 0 0 90.00193</rotate>
                <scale sid="scale">1 1 1</scale>
              </node>
              <node id="PT_scarf_bone_id" name="PT_scarf" sid="PT_scarf" type="JOINT">
                <translate sid="translate">0.0961271 -0.0201674 0</translate>
                <rotate sid="rotateZ">0 0 1 -89.56877</rotate>
                <rotate sid="rotateY">0 1 0 -89.99964</rotate>
                <rotate sid="rotateX">1 0 0 -90.42878</rotate>
                <scale sid="scale">1 1 1</scale>
              </node>
              <node id="R_UpperArm_bone_id" name="R_UpperArm" sid="R_UpperArm" type="JOINT">
                <translate sid="translate">0.0551203 0.00740096 -0.0417981</translate>
                <rotate sid="rotateZ">0 0 1 96.04778</rotate>
                <rotate sid="rotateY">0 1 0 -7.629392E-05</rotate>
                <rotate sid="rotateX">1 0 0 176.2137</rotate>
                <scale sid="scale">1 1 1</scale>
                <node id="R_Forearm_bone_id" name="R_Forearm" sid="R_Forearm" type="JOINT">
                  <translate sid="translate">0.0258 0 0</translate>
                  <rotate sid="rotateZ">0 0 1 21.20442</rotate>
                  <rotate sid="rotateY">0 1 0 -1.371128</rotate>
                  <rotate sid="rotateX">1 0 0 5.202486</rotate>
                  <scale sid="scale">1 1 1</scale>
                  <node id="PT_R_hand_bone_id" name="PT_R_hand" sid="PT_R_hand" type="JOINT">
                    <translate sid="translate">0.0425575 0.0012255 -9.54342E-05</translate>
                    <rotate sid="rotateZ">0 0 1 -90.00079</rotate>
                    <rotate sid="rotateY">0 1 0 88.3266</rotate>
                    <rotate sid="rotateX">1 0 0 105.2014</rotate>
                    <scale sid="scale">1 1 1</scale>
                  </node>
                  <node id="R_Hand_bone_id" name="R_Hand" sid="R_Hand" type="JOINT">
                    <translate sid="translate">0.0345073 0.00685655 -0.000208267</translate>
                    <rotate sid="rotateZ">0 0 1 0</rotate>
                    <rotate sid="rotateY">0 1 0 0</rotate>
                    <rotate sid="rotateX">1 0 0 0</rotate>
                    <scale sid="scale">1 1 1</scale>
                  </node>
                </node>
              </node>
            </node>
            <node id="Tail_bone_id" name="Tail" sid="Tail" type="JOINT">
              <translate sid="translate">-0.0356043 0.00146914 0</translate>
              <rotate sid="rotateZ">0 0 1 -179.9999</rotate>
              <rotate sid="rotateY">0 1 0 0.0001803396</rotate>
              <rotate sid="rotateX">1 0 0 0.0002551146</rotate>
              <scale sid="scale">1 1 1</scale>
            </node>
          </node>
        </node>
        <node id="mizugorou_00_bone_id" name="mizugorou_00" sid="mizugorou_00" type="JOINT">
          <translate sid="translate">0 0 0</translate>
          <rotate sid="rotateZ">0 0 1 0</rotate>
          <rotate sid="rotateY">0 1 0 0</rotate>
          <rotate sid="rotateX">1 0 0 0</rotate>
          <scale sid="scale">1 1 1</scale>
        </node>
        <node id="scarf_bone_id" name="scarf" sid="scarf" type="JOINT">
          <translate sid="translate">0 0.0848516 0.0942853</translate>
          <rotate sid="rotateZ">0 0 1 0</rotate>
          <rotate sid="rotateY">0 1 0 0</rotate>
          <rotate sid="rotateX">1 0 0 0</rotate>
          <scale sid="scale">1 1 1</scale>
        </node>
      </node>
      <node id="mizugorou_00_0_0_node_id" name="mizugorou_00_0_0_node" type="NODE">
        <matrix>1 0 0 0 0 1 0 0 0 0 1 0 0 0 0 1</matrix>
        <instance_controller url="#mizugorou_00_0_0_ctrl_id">
          <skeleton>#root_bone_id</skeleton>
          <bind_material>
            <technique_common>
              <instance_material symbol="Mdl_0_Mtl_body" target="#body_mat_id" />
            </technique_common>
          </bind_material>
        </instance_controller>
      </node>
      <node id="mizugorou_00_1_0_node_id" name="mizugorou_00_1_0_node" type="NODE">
        <matrix>1 0 0 0 0 1 0 0 0 0 1 0 0 0 0 1</matrix>
        <instance_controller url="#mizugorou_00_1_0_ctrl_id">
          <skeleton>#root_bone_id</skeleton>
          <bind_material>
            <technique_common>
              <instance_material symbol="Mdl_0_Mtl_eye" target="#eye_mat_id" />
            </technique_common>
          </bind_material>
        </instance_controller>
      </node>
      <node id="mizugorou_00_2_0_node_id" name="mizugorou_00_2_0_node" type="NODE">
        <matrix>1 0 0 0 0 1 0 0 0 0 1 0 0 0 0 1</matrix>
        <instance_controller url="#mizugorou_00_2_0_ctrl_id">
          <skeleton>#root_bone_id</skeleton>
          <bind_material>
            <technique_common>
              <instance_material symbol="Mdl_0_Mtl_mouth" target="#mouth_mat_id" />
            </technique_common>
          </bind_material>
        </instance_controller>
      </node>
      <node id="scarf_3_0_node_id" name="scarf_3_0_node" type="NODE">
        <matrix>1 0 0 0 0 1 0 0 0 0 1 0 0 0 0 1</matrix>
        <instance_controller url="#scarf_3_0_ctrl_id">
          <skeleton>#root_bone_id</skeleton>
          <bind_material>
            <technique_common>
              <instance_material symbol="Mdl_0_Mtl_PG_scarf" target="#PG_scarf_mat_id" />
            </technique_common>
          </bind_material>
        </instance_controller>
      </node>
    </visual_scene>
  </library_visual_scenes>
  <scene>
    <instance_visual_scene url="#mizugorou_00_00_id" />
  </scene>
</COLLADA>